,post_cum_y,preds,post_preds,post_preds_lower,post_preds_upper,preds_lower,preds_upper,post_cum_pred,post_cum_pred_lower,post_cum_pred_upper,point_effects,point_effects_lower,point_effects_upper,post_cum_effects,post_cum_effects_lower,post_cum_effects_upper
2015-09-06,,143.55095702927227,,,,-17273.29961764616,17560.4015317047,,,,0.44904297072773147,-17416.4015317047,17417.29961764616,,,
2015-09-13,,136.20927422927693,,,,123.93830565932262,148.4802427992312,,,,-1.2092742292769287,-13.480242799231206,11.061694340677377,,,
2015-09-20,,135.60446178589171,,,,124.9764634156808,146.23246015610263,,,,5.395538214108285,-5.232460156102633,16.023536584319203,,,
2015-09-27,,133.50935025517222,,,,123.48820900123545,143.530491509109,,,,1.4906497448277776,-8.530491509108998,11.511790998764553,,,
2015-10-04,,129.98740615885768,,,,120.28354104341712,139.69127127429823,,,,1.0125938411423192,-8.69127127429823,10.716458956582883,,,
2015-10-11,,128.242947809849,,,,118.73422358041904,137.751672039279,,,,1.7570521901510006,-7.751672039278986,11.265776419580959,,,
2015-10-18,,130.48502642590924,,,,121.10839479153918,139.86165806027927,,,,-0.48502642590923983,-9.861658060279268,8.891605208460817,,,
2015-10-25,,128.46753396438075,,,,119.18618287302128,137.7488850557402,,,,0.532466035619251,-8.748885055740203,9.81381712697872,,,
2015-11-01,,128.53476621252833,,,,119.32532702793225,137.74420539712443,,,,-2.534766212528325,-11.744205397124432,6.674672972067754,,,
2015-11-08,,120.4587084718783,,,,111.30541721423128,129.6119997295253,,,,-0.4587084718782961,-9.611999729525309,8.694582785768716,,,
2015-11-15,,121.38592298494648,,,,112.27764238673595,130.494203583157,,,,-1.3859229849464754,-10.494203583157002,7.722357613264052,,,
2015-11-22,,119.30970288766945,,,,110.23827272928764,128.38113304605125,,,,-0.3097028876694452,-9.381133046051247,8.761727270712356,,,
2015-11-29,,122.20478878880742,,,,113.16405156232669,131.24552601528814,,,,-3.20478878880742,-12.245526015288135,5.835948437673309,,,
2015-12-06,,118.05580195157975,,,,109.04099711432737,127.07060678883214,,,,-8.055801951579753,-17.070606788832137,0.959002885672632,,,
2015-12-13,,111.61796988190933,,,,102.62534110367243,120.61059866014624,,,,-2.6179698819093318,-11.610598660146238,6.374658896327574,,,
2015-12-20,,111.43664945185957,,,,102.46318086893454,120.41011803478459,,,,1.0633505481404342,-7.910118034784588,10.036819131065457,,,
2015-12-27,,117.34911033907608,,,,108.39234408989705,126.3058765882551,,,,-7.349110339076077,-16.305876588255103,1.6076559101029488,,,
2016-01-03,,114.947314718809,,,,106.00522144136261,123.88940799625537,,,,0.05268528119100324,-8.889407996255372,8.994778558637393,,,
2016-01-10,,111.05504505307294,,,,102.12592990585628,119.98416020028961,,,,1.444954946927055,-7.484160200289608,10.374070094143718,,,
2016-01-17,,111.13592201840316,,,,102.21835513781339,120.05348889899292,,,,3.864077981596836,-5.053488898992924,12.78164486218661,,,
2016-01-24,,111.34274812107734,,,,102.43551226609154,120.24998397606312,,,,1.657251878922665,-7.24998397606312,10.564487733908464,,,
2016-01-31,,111.42781244067137,,,,102.52986296665246,120.32576191469029,,,,2.5721875593286256,-6.32576191469029,11.470137033347541,,,
2016-02-07,,107.65938021790814,,,,98.76981405153877,116.5489463842775,,,,17.340619782091863,8.4510536157225,26.230185948461227,,,
2016-02-14,,108.48398677884754,,,,99.6020180692195,117.36595548847558,,,,6.516013221152463,-2.365955488475578,15.397981930780503,,,
2016-02-21,,108.78322400844247,,,,99.90816480109707,117.65828321578788,,,,1.216775991557526,-7.6582832157878755,10.091835198902928,,,
2016-02-28,,108.83729416055726,,,,99.96853889998997,117.70604942112455,,,,1.1627058394427365,-7.706049421124547,10.031461100010034,,,
2016-03-06,,108.8873815625379,,,,100.02439454746882,117.75036857760696,,,,5.112618437462103,-3.750368577606963,13.975605452531184,,,
2016-03-13,,109.58817465157043,,,,100.73047979240194,118.44586951073893,,,,5.4118253484295735,-3.4458695107389303,14.269520207598063,,,
2016-03-20,,113.21680830846422,,,,104.3639806976657,122.06963591926275,,,,5.783191691535777,-3.069635919262751,14.636019302334304,,,
2016-03-27,,114.41984790371826,,,,105.57150682704275,123.26818898039376,,,,0.5801520962817364,-8.26818898039376,9.428493172957246,,,
2016-04-03,,113.46843457088698,,,,104.6242376734827,122.31263146829127,,,,4.531565429113016,-4.312631468291272,13.375762326517304,,,
2016-04-10,,109.74416831122002,,,,100.90380669678686,118.58452992565319,,,,3.2558316887799776,-5.584529925653186,12.096193303213141,,,
2016-04-17,,109.86437856120986,,,,101.02757265053174,118.70118447188797,,,,1.1356214387901389,-7.70118447188797,9.972427349468262,,,
2016-04-24,,109.90542710451214,,,,101.07192311627723,118.73893109274704,,,,3.0945728954878575,-5.738931092747038,11.928076883722767,,,
2016-05-01,,110.01505427985408,,,,101.18462122470747,118.8454873350007,,,,4.984945720145916,-3.8454873350006977,13.81537877529253,,,
2016-05-08,,114.08366696851694,,,,105.25609406895751,122.91123986807635,,,,1.916333031483063,-6.9112398680763505,10.743905931042491,,,
2016-05-15,,115.12291025921994,,,,106.29800472483669,123.94781579360318,,,,4.877089740780065,-3.9478157936031835,13.701995275163313,,,
2016-05-22,,115.28651253863879,,,,106.46409763943703,124.10892743784056,,,,4.713487461361211,-4.108927437840563,13.535902360562972,,,
2016-05-29,,118.36357649519623,,,,109.54348988624659,127.18366310414588,,,,1.6364235048037727,-7.183663104145879,10.45651011375341,,,
2016-06-05,,120.36442320354595,,,,111.54651546253353,129.18233094455837,,,,-1.3644232035459538,-10.182330944558373,7.4534845374664656,,,
2016-06-12,,120.32074731011151,,,,111.50488065604792,129.13661396417513,,,,-1.3207473101115141,-10.136613964175126,7.495119343952084,,,
2016-06-19,,120.27906156657399,,,,111.46510873332342,129.09301439982457,,,,-1.2790615665739864,-10.093014399824568,7.534891266676581,,,
2016-06-26,,120.23922950433395,,,,111.42707274697217,129.0513862616957,,,,-0.23922950433394874,-9.051386261695711,8.572927253027828,,,
2016-07-03,,120.2318739988753,,,,111.42140421445968,129.04234378329093,,,,-1.231873998875301,-10.042343783290931,7.578595785540315,,,
2016-07-10,,120.19445528427175,,,,111.38557123151627,129.00333933702723,,,,-1.1944552842717542,-10.003339337027228,7.614428768483734,,,
2016-07-17,,120.1585901943098,,,,111.35119779905895,128.96598258956064,,,,-1.1585901943097952,-9.965982589560639,7.648802200941049,,,
2016-07-24,,120.12418269684305,,,,111.31819443222328,128.93017096146284,,,,-1.1241826968430502,-9.930170961462835,7.6818055677767205,,,
2016-07-31,,120.09114491072647,,,,111.28647924250208,128.89581057895086,,,,-1.0911449107264701,-9.895810578950858,7.713520757497918,,,
2016-08-07,,120.05939625160016,,,,111.25597714063606,128.86281536256428,,,,4.9406037483998375,-3.8628153625642767,13.744022859363938,,,
2016-08-14,,120.20179270236814,,,,111.399549157253,129.00403624748327,,,,-0.20179270236813807,-9.00403624748327,8.600450842746994,,,
2016-08-21,,120.19602904973462,,,,111.3948947235865,128.99716337588274,,,,-1.1960290497346193,-9.997163375882735,7.6051052764134965,,,
2016-08-28,,120.16216065683217,,,,111.3620734831254,128.96224783053896,,,,-2.162160656832171,-10.962247830538956,6.6379265168746,,,
2016-09-04,,120.10143398552873,,,,111.30233584847268,128.90053212258476,,,,-1.101433985528729,-9.900532122584764,7.69766415152732,,,
2016-09-11,,120.0707396610092,,,,111.2725760965976,128.8689032254208,,,,-0.7374063276758847,-9.535569892087494,8.06075723673571,,,
2016-09-18,,120.05034221683607,,,,111.2530621411862,128.84762229248594,,,,-0.05034221683607143,-8.847622292485937,8.746937858813794,,,
2016-09-25,,120.04895952980104,,,,111.25251499183092,128.84540406777114,,,,-0.04895952980103857,-8.845404067771142,8.747485008169079,,,
2016-10-02,,120.04762386520736,,,,111.25196982106637,128.84327790934833,,,,-3.047623865207356,-11.84327790934833,5.748030178933632,,,
2016-10-09,,119.96501453865366,,,,111.17010864563815,128.75992043166917,,,,0.03498546134633784,-8.759920431669173,8.829891354361848,,,
2016-10-16,,119.96595706847037,,,,111.1717594964284,128.76015464051235,,,,-4.965957068470374,-13.760154640512354,3.8282405035716067,,,
2016-10-23,,119.83294957232732,,,,111.03942283079256,128.62647631386207,,,,-5.832949572327323,-14.62647631386207,2.96057716920744,,,
2016-10-30,,119.67758682219925,,,,110.88469560169848,128.47047804270002,,,,-6.177586822199245,-14.970478042700023,2.615304398301518,,,
2016-11-06,,119.5139137698518,,,,110.72162479600793,128.30620274369565,,,,-9.513913769851797,-18.30620274369565,-0.7216247960079301,,,
2016-11-13,,119.26311473822636,,,,110.47139663743422,128.0548328390185,,,,-10.763114738226363,-19.554832839018502,-1.9713966374342249,,,
2016-11-20,,118.9807461197139,,,,110.18956929530074,127.77192294412704,,,,-11.9807461197139,-20.77192294412704,-3.1895692953007426,,,
2016-11-27,,118.66786979226511,,,,109.87720631016657,127.45853327436365,,,,-12.334536458931794,-21.12519994103033,-3.5438729768332564,,,
2016-12-04,,116.39947584369108,,,,107.60929932677689,125.18965236060527,,,,-13.066142510357764,-21.85631902727195,-4.275965993443577,,,
2016-12-11,,108.27042512247722,,,,99.48071065275249,117.06013959220195,,,,-6.270425122477221,-15.06013959220195,2.5192893472475077,,,
2016-12-18,,108.10870553646834,,,,99.31942956445636,116.8979815084803,,,,-3.108705536468335,-11.8979815084803,5.680570435543643,,,
2016-12-25,,108.02883157683688,,,,99.2399718375207,116.81769131615306,,,,-6.362164910170193,-15.151024649486374,2.426694829145987,,,
2017-01-01,,111.76131437799384,,,,102.97284981275622,120.54977894323144,,,,-8.761314377993841,-17.549778943231445,0.027150187243776713,,,
2017-01-08,,107.64241780019991,,,,98.85432848425737,116.43050711614245,,,,-7.642417800199908,-16.43050711614245,1.1456715157426345,,,
2017-01-15,,107.44806729002677,,,,98.66033436490218,116.23580021515134,,,,-7.448067290026771,-16.235800215151343,1.3396656350978162,,,
2017-01-22,,107.25924797951805,,,,98.47185359014077,116.04664236889533,,,,-7.759247979518051,-16.546642368895334,1.0281464098592323,,,
2017-01-29,,107.06312249439692,,,,98.27604973045787,115.85019525833596,,,,-7.0631224943969215,-15.850195258335958,1.7239502695421294,,,
2017-02-05,,106.88509651275037,,,,98.09832935397496,115.67186367152576,,,,-7.385096512750366,-16.171863671525756,1.401670646025039,,,
2017-02-12,,106.69945594724796,,,,97.91297921228033,115.48593268221559,,,,-6.699455947247955,-15.48593268221559,2.0870207877196663,,,
2017-02-19,,106.5314822133905,,,,97.74528151201089,115.3176829147701,,,,-6.531482213390504,-15.317682914770103,2.254718487989109,,,
2017-02-26,,105.71889301544556,,,,96.93295470386741,114.50483132702372,,,,-5.718893015445559,-14.504831327023723,3.0670452961325907,,,
2017-03-05,,104.27773378849132,,,,95.49204492750698,113.06342264947567,,,,-4.277733788491318,-13.063422649475669,4.507955072493019,,,
2017-03-12,,105.14506800359416,,,,96.35961631935874,113.9305196878296,,,,-5.145068003594162,-13.930519687829602,3.640383680641264,,,
2017-03-19,,105.99107832264973,,,,97.2058521699101,114.77630447538937,,,,-5.991078322649727,-14.776304475389367,2.794147830089898,,,
2017-03-26,,105.84252857837652,,,,97.05751690596958,114.62754025078344,,,,-5.842528578376516,-14.62754025078344,2.942483094030422,,,
2017-04-02,,105.69794036155787,,,,96.91313268001636,114.48274804309938,,,,-5.697940361557869,-14.482748043099377,3.0868673199836394,,,
2017-04-09,,105.5571884240907,,,,96.77257477520851,114.34180207297287,,,,-2.2238550907573824,-11.008468739639554,6.560758558124803,,,
2017-04-16,,105.50235001788599,,,,96.71792094610709,114.28677908966488,,,,-2.1690166845526733,-10.953445756331561,6.615412387226229,,,
2017-04-23,,105.44895278425778,,,,96.66469930976356,114.23320625875202,,,,-2.4489527842577843,-11.23320625875202,6.335300690236437,,,
2017-04-30,,105.38875953434318,,,,96.60467312772316,114.17284594096319,,,,-3.722092867676494,-12.5061792742965,5.0619935389435256,,,
2017-05-07,,105.2974116509655,,,,96.51348420936553,114.08133909256549,,,,0.7025883490344995,-8.081339092565486,9.48651579063447,,,
2017-05-14,,105.31462982115067,,,,96.53085364580048,114.09840599650086,,,,3.6853701788493254,-5.098405996500858,12.469146354199523,,,
2017-05-21,,105.40482251323152,,,,96.62119028826163,114.18845473820141,,,,3.5951774867684776,-5.188454738201415,12.37880971173837,,,
2017-05-28,,105.49269294816101,,,,96.70919772062526,114.27618817569676,,,,3.5073070518389926,-5.27618817569676,12.290802279374745,,,
2017-06-04,,108.8244446812977,,,,100.0410798423243,117.60780952027112,,,,1.175555318702294,-7.607809520271118,9.958920157675706,,,
2017-06-11,,113.39769680131619,,,,104.61445606831563,122.18093753431674,,,,-3.3976968013161866,-12.18093753431674,5.385543931684367,,,
2017-06-18,,115.2626299372686,,,,106.47950733713226,124.04575253740492,,,,-2.262629937268599,-11.045752537404923,6.520492662867738,,,
2017-06-25,,115.20758471712374,,,,106.42457457035144,123.99059486389604,,,,-0.20758471712373705,-8.990594863896035,8.575425429648561,,,
2017-07-02,,115.20253978622527,,,,106.41963669192472,123.98544288052581,,,,-1.7025397862252731,-10.48544288052581,7.0803633080752775,,,
2017-07-09,,115.16120346094677,,,,106.37840228265185,123.94400463924168,,,,-0.16120346094676563,-8.944004639241683,8.621597717348152,,,
2017-07-16,,115.157293218272,,,,106.37458907053023,123.93999736601377,,,,0.176040115061312,-8.606664032680456,8.95874426280308,,,
2017-07-23,,115.16155955183197,,,,106.37894778751534,123.94417131614858,,,,2.1717737815013436,-6.610837982815269,10.95438554581797,,,
2017-07-30,,115.21414792404568,,,,106.43162412234184,123.99667172574952,,,,1.785852075954324,-6.996671725749522,10.568375877658156,,,
2017-08-06,,115.25735649608053,,,,106.47491645112429,124.03979654103676,,,,4.742643503919467,-4.039796541036765,13.525083548875713,,,
2017-08-13,,118.6181518597187,,,,109.83579156982657,127.4005121496108,,,,1.3818481402813063,-7.400512149610805,10.164208430173431,,,
2017-08-20,,120.27460321853866,,,,111.49231887601158,129.05688756106574,,,,-4.607936551871973,-13.39022089439905,4.174347790655105,,,
2017-08-27,,119.18951899823648,,,,110.4073069796979,127.97173101677504,,,,-4.18951899823648,-12.971731016775038,4.592693020302093,,,
2017-09-03,,116.1669220205739,,,,107.38477887781309,124.94906516333474,,,,-0.1669220205739066,-8.949065163334737,8.61522112218691,,,
2017-09-10,,118.11057888878094,,,,109.32850134007244,126.89265643748944,,,,-3.1105788887809354,-11.892656437489435,5.671498659927565,,,
2017-09-17,,115.11410499905091,,,,106.332089920924,123.8961200771778,,,,-0.11410499905090887,-8.896120077177798,8.667910079075995,,,
2017-09-24,,115.11135713644488,,,,106.3294015558775,123.89331271701226,,,,-0.11135713644488021,-8.893312717012265,8.670598444122504,,,
2017-10-01,,115.10867692008206,,,,106.32677800709574,123.89057583306837,,,,-1.1086769200820612,-9.890575833068368,7.67322199290426,,,
2017-10-08,,115.08200652288578,,,,106.30016158351985,123.86385146225172,,,,4.917993477114223,-3.8638514622517164,13.699838416480148,,,
2017-10-15,,115.2002550648632,,,,106.41846153450706,123.98204859521935,,,,-4.2002550648631996,-12.982048595219354,4.58153846549294,,,
2017-10-22,,115.09931186473314,,,,106.31756730179747,123.8810564276688,,,,-4.099311864733139,-12.881056427668796,4.682432698202533,,,
2017-10-29,,115.00083921312746,,,,106.21914129303597,123.78253713321894,,,,-5.000839213127463,-13.782537133218938,3.7808587069640254,,,
2017-11-05,0.0,114.88076214209201,,,,106.09910865157642,123.66241563260762,0.0,0.0,0.0,-4.88076214209201,-13.662415632607619,3.9008913484235848,0.0,0.0,0.0
2017-11-12,112.0,118.65897931874841,118.65897931874841,109.87736815043047,127.44059048706634,109.87736815043047,127.44059048706634,118.65897931874841,110.27760269421589,127.63596884791353,-6.658979318748408,-15.440590487066345,2.1226318495695295,-6.658979318748408,-15.635968847913535,1.7223973057841042
2017-11-19,217.5,114.76361648909523,114.76361648909523,105.97951854888672,123.54771442930374,105.97951854888672,123.54771442930374,233.42259580784363,220.56396724916118,245.769198043521,-9.263616489095227,-18.04771442930374,-0.4795185488867162,-15.922595807843635,-28.26919804352101,-3.0639672491611627
2017-11-26,322.5,114.76361648909523,114.76361648909523,105.97703248080029,123.55020049739016,105.97703248080029,123.55020049739016,348.18621229693883,331.9870000651768,364.34402774163163,-9.763616489095227,-18.550200497390165,-0.9770324808002897,-25.686212296938862,-41.84402774163164,-9.48700006517679
2017-12-03,427.0,114.76361648909523,114.76361648909523,105.97454711592076,123.5526858622697,105.97454711592076,123.5526858622697,462.94982878603406,444.4844574957864,482.25744674516716,-10.263616489095227,-19.052685862269698,-1.4745471159207568,-35.94982878603409,-55.25744674516722,-17.484457495786405
2017-12-10,527.0,111.5174807977176,111.5174807977176,102.72592676227411,120.30903483316108,102.72592676227411,120.30903483316108,574.4673095837517,553.7487710883793,596.2325848702544,-11.517480797717596,-20.30903483316108,-2.7259267622741135,-47.467309583751685,-69.23258487025437,-26.748771088379254
2017-12-17,627.0,106.97289082978887,106.97289082978887,98.17885283409134,115.76692882548639,98.17885283409134,115.76692882548639,681.4402004135405,656.8151541432212,704.525380179984,-6.9728908297888665,-15.766928825486389,1.8211471659086556,-54.44020041354055,-77.52538017998407,-29.815154143221104
2017-12-24,727.0,110.86825365944205,110.86825365944205,102.07173240491076,119.66477491397333,102.07173240491076,119.66477491397333,792.3084540729826,765.0705431346356,818.978988294572,-10.868253659442047,-19.664774913973332,-2.0717324049107617,-65.3084540729826,-91.97898829457205,-38.07054313463558
2017-12-31,832.0,114.43900291995747,114.43900291995747,105.63999910741883,123.23800673249613,105.63999910741883,123.23800673249613,906.7474569929401,878.3935894635429,934.2526815048963,-9.439002919957474,-18.23800673249613,-0.6399991074188307,-74.74745699294007,-102.25268150489626,-46.39358946354274
2018-01-07,935.0,103.07752800013569,103.07752800013569,94.27604232982304,111.87901367044833,94.27604232982304,111.87901367044833,1009.8249849930758,980.5594322590673,1039.1913275431305,-0.07752800013568617,-8.87901367044833,8.723957670176958,-74.82498499307576,-104.19132754313026,-45.55943225906728
2018-01-14,1038.5,101.12984658530911,101.12984658530911,92.32587975686366,109.93381341375456,92.32587975686366,109.93381341375456,1110.954831578385,1079.498907632096,1140.8921467904895,2.37015341469089,-6.433813413754564,11.174120243136343,-72.45483157838487,-102.39214679048953,-40.99890763209611
2018-01-21,1138.5,98.20832446306922,98.20832446306922,89.40187717554078,107.01477175059766,89.40187717554078,107.01477175059766,1209.1631560414542,1175.5536458701495,1240.5952920886566,1.7916755369307822,-7.01477175059766,10.598122824459224,-70.66315604145409,-102.0952920886566,-37.05364587014928
2018-01-28,1239.0,96.58525661738038,96.58525661738038,87.77632956922825,105.3941836655325,87.77632956922825,105.3941836655325,1305.7484126588345,1269.3154763171128,1339.933625324959,3.914743382619619,-4.894183665532495,12.723670430771747,-66.74841265883447,-100.93362532495921,-30.315476317112758
2018-02-04,1339.0,97.88371089393146,97.88371089393146,89.07230478302527,106.69511700483767,89.07230478302527,106.69511700483767,1403.632123552766,1366.762877926505,1439.8658686548001,2.1162891060685354,-6.69511700483767,10.927695216974726,-64.63212355276593,-100.8658686547999,-27.762877926505215
2018-02-11,1439.0,97.23448375565593,97.23448375565593,88.42059927927639,106.04836823203546,88.42059927927639,106.04836823203546,1500.8666073084219,1462.735016958823,1539.6564440514571,2.76551624434407,-6.0483682320354575,11.579400720723612,-61.86660730842186,-100.6564440514569,-23.73501695882261
2018-02-18,1539.0,97.23448375565593,97.23448375565593,88.41812161049576,106.0508459008161,88.41812161049576,106.0508459008161,1598.1010910640778,1558.0661362548917,1636.9111175595156,2.76551624434407,-6.0508459008161,11.58187838950424,-59.10109106407779,-97.91111755951611,-19.066136254891774
2018-02-25,1639.0,95.28680234082934,95.28680234082934,86.46796322299403,104.10564145866465,86.46796322299403,104.10564145866465,1693.3878934049071,1651.2771127466997,1735.2468359874792,4.71319765917066,-4.10564145866465,13.53203677700597,-54.38789340490713,-96.24683598747934,-12.277112746699773
2018-03-04,1739.0,95.93602947910489,95.93602947910489,87.11471408411353,104.75734487409623,87.11471408411353,104.75734487409623,1789.323922884012,1747.4017563002471,1832.0560934789348,4.063970520895111,-4.757344874096233,12.88528591588647,-50.32392288401202,-93.05609347893488,-8.401756300247133
2018-03-11,1839.0,97.23448375565593,97.23448375565593,88.41069277844208,106.05827473286978,88.41069277844208,106.05827473286978,1886.558406639668,1843.687800252738,1932.0572709552637,2.76551624434407,-6.058274732869776,11.589307221557917,-47.55840663966795,-93.05727095526358,-4.687800252738118
2018-03-18,1939.0,98.20832446306922,98.20832446306922,89.38205859798168,107.03459032815675,89.38205859798168,107.03459032815675,1984.7667311027371,1939.057286271581,2031.4400625177284,1.7916755369307822,-7.034590328156753,10.617941402018317,-45.76673110273717,-92.44006251772866,-0.05728627158095199
2018-03-25,2041.5,99.1821651704825,99.1821651704825,90.35342511128616,108.01090522967887,90.35342511128616,108.01090522967887,2083.94889627322,2035.7196092516701,2131.3952617703953,3.317834829517494,-5.510905229678869,12.146574888713843,-42.448896273219674,-89.89526177039514,5.780390748330367
2018-04-01,2141.5,101.12984658530911,101.12984658530911,92.2986330251857,109.96106014543251,92.2986330251857,109.96106014543251,2185.078742858529,2135.616169897908,2233.3368407560347,-1.1298465853091102,-9.961060145432512,7.701366974814306,-43.578742858528784,-91.83684075603448,5.883830102092195
2018-04-08,2245.5,101.12984658530911,101.12984658530911,92.29616021685813,109.96353295376008,92.29616021685813,109.96353295376008,2286.2085894438383,2235.9516847839664,2337.1442509443327,2.87015341469089,-5.96353295376008,11.703839783141873,-40.708589443837894,-91.64425094433263,9.548315216033822
2018-04-15,2348.5,100.15600587789581,100.15600587789581,91.31984739313526,108.99216436265635,91.31984739313526,108.99216436265635,2386.364595321734,2334.9796368154825,2438.66397134821,2.843994122104192,-5.992164362656354,11.680152606864738,-37.8645953217337,-90.16397134821025,13.520363184517471
2018-04-22,2455.5,100.15600587789581,100.15600587789581,91.31737596826305,108.99463578752857,91.31737596826305,108.99463578752857,2486.52060119963,2433.737504317099,2540.9066338107386,6.843994122104192,-1.9946357875285656,15.68262403173695,-31.02060119962951,-85.40663381073865,21.762495682900948
2018-04-29,2564.5,101.12984658530911,101.12984658530911,92.28874594166163,109.97094722895659,92.28874594166163,109.97094722895659,2587.6504477849394,2534.387946479923,2641.437482535766,7.87015341469089,-0.9709472289565895,16.71125405833837,-23.15044778493862,-76.9374825357659,30.1120535200775
2018-05-06,2674.5,103.07752800013569,103.07752800013569,94.23395731275195,111.92109868751943,94.23395731275195,111.92109868751943,2690.727975785075,2636.4471065090806,2747.587873821181,6.922471999864314,-1.9210986875194322,15.766042687248046,-16.227975785074307,-73.08787382118086,38.05289349091943
2018-05-13,2788.8333333333335,103.07752800013569,103.07752800013569,94.23148795871592,111.92356804155547,94.23148795871592,111.92356804155547,2793.805503785211,2736.293941159366,2851.97840797771,11.255805333197628,2.4097652917778447,20.101845374617398,-4.9721704518766785,-63.14507464437672,52.539392173967244
2018-05-20,2903.8333333333335,103.07752800013569,103.07752800013569,94.22901929380268,111.92603670646871,94.22901929380268,111.92603670646871,2896.8830317853467,2836.6846806777844,2955.5982433857494,11.922471999864314,3.0739632935312926,20.77098070619732,6.950301547987635,-51.76491005241561,67.14865265554873
2018-05-27,3020.8333333333335,104.05136870754899,104.05136870754899,95.20039202484892,112.90234539024905,95.20039202484892,112.90234539024905,3000.9344004928957,2939.3621706031845,3059.717651696435,12.948631292451012,4.097654609750947,21.799607975151076,19.898932840438647,-38.88431836310125,81.47116273014811
2018-06-03,3135.8333333333335,105.02520941496228,105.02520941496228,96.17176544386554,113.87865338605903,96.17176544386554,113.87865338605903,3105.959609907858,3043.1906931162835,3166.8494749891306,9.974790585037724,1.1213466139409718,18.82823455613446,29.87372342547637,-31.01614165579772,92.64264021704979
2018-06-10,3254.8333333333335,106.97289082978887,106.97289082978887,98.1169802576908,115.82880140188693,98.1169802576908,115.82880140188693,3212.932500737647,3145.2154594013673,3277.007575783364,12.027109170211133,3.1711985981130653,20.8830197423092,41.900832595687504,-22.174242450030693,109.61787393196659
2018-06-17,3374.8333333333335,108.92057224461546,108.92057224461546,100.06219575833721,117.7789487308937,100.06219575833721,117.7789487308937,3321.8530729822623,3251.342829514695,3388.223997410769,11.079427755384543,2.2210512691062974,19.93780424166279,52.98026035107205,-13.390664077435654,123.49050381863947
2018-06-24,3494.8333333333335,112.81593507426864,112.81593507426864,103.95509336005793,121.67677678847934,103.95509336005793,121.67677678847934,3434.669008056531,3363.7203889158914,3500.840645700865,7.184064925731363,-1.6767767884793443,16.04490663994207,60.16432527680341,-6.0073123675317515,131.11294441744178
2018-07-01,3613.8333333333335,110.86825365944205,110.86825365944205,102.00494740297401,119.73155991591008,102.00494740297401,119.73155991591008,3545.537261715973,3474.7887270665533,3617.1180884698742,8.131746340557953,-0.7315599159100827,16.99505259702599,68.29607161736136,-3.2847551365409737,139.04460626678096
2018-07-08,3736.8333333333335,114.76361648909523,114.76361648909523,105.89784637547314,123.6293866027173,105.89784637547314,123.6293866027173,3660.300878205068,3589.38158271266,3732.320463451393,8.236383510904773,-0.6293866027173038,17.102153624526863,76.53245512826614,4.512869881940611,147.45175062067307
2018-07-15,3862.8333333333335,114.76361648909523,114.76361648909523,105.89538320285136,123.63184977533909,105.89538320285136,123.63184977533909,3775.064494694163,3703.531257147605,3848.0613368208647,11.236383510904773,2.3681502246609085,20.104616797148637,87.76883863917091,14.77199651246772,159.30207618572857
2018-07-22,3990.8333333333335,114.76361648909523,114.76361648909523,105.89292071419162,123.63431226399884,105.89292071419162,123.63431226399884,3889.828111183258,3815.808643184955,3964.242034944181,13.236383510904773,4.365687736001163,22.107079285808382,101.00522215007568,26.591298389152207,175.0246901483791
2018-07-29,4120.833333333334,114.76361648909523,114.76361648909523,105.89045890892447,123.63677406926598,105.89045890892447,123.63677406926598,4004.591727672353,3930.323987772682,4081.6359501835877,15.236383510904773,6.363225930734018,24.109541091075528,116.24160566098045,39.197383149745534,190.5093455606511
2018-08-05,4249.833333333334,114.76361648909523,114.76361648909523,105.88799778648126,123.63923519170919,105.88799778648126,123.63923519170919,4119.355344161449,4042.438302923773,4198.955260732316,14.236383510904773,5.36076480829081,23.112002213518736,130.4779891718852,50.87807260101763,207.3950304095606
2018-08-12,4399.833333333334,114.76361648909523,114.76361648909523,105.88553734629413,123.64169563189633,105.88553734629413,123.64169563189633,4234.118960650544,4154.656307448518,4315.463862449943,35.23638351090477,26.358304368103674,44.11446265370587,165.71437268278999,84.36947088338871,245.17702588481413
2018-08-19,4537.833333333334,114.76361648909523,114.76361648909523,105.883077587796,123.64415539039446,105.883077587796,123.64415539039446,4348.88257713964,4263.405116274599,4431.514920979847,23.236383510904773,14.35584460960554,32.116922412204005,188.95075619369476,106.31841235348696,274.4282170587351
2018-08-26,4674.833333333334,114.76361648909523,114.76361648909523,105.88061851042058,123.64661446776988,105.88061851042058,123.64661446776988,4463.646193628735,4376.164861757674,4548.414625743413,22.236383510904773,13.35338553223012,31.119381489579425,211.18713970459953,126.41870758992043,298.66847157565786
2018-09-02,4809.833333333334,114.76361648909523,114.76361648909523,105.87816011360235,123.6490728645881,105.87816011360235,123.6490728645881,4578.409810117831,4492.558044378313,4664.937228475104,20.236383510904773,11.350927135411894,29.12183988639765,231.4235232155043,144.89610485822965,317.27528895502024
2018-09-09,4944.833333333334,108.92057224461546,108.92057224461546,100.03265815229682,117.8084863369341,100.03265815229682,117.8084863369341,4687.3303823624465,4600.638761617196,4774.706964959988,26.079427755384543,17.191513663065905,34.96734184770318,257.50295097088883,170.1263683733441,344.19457171613624
2018-09-16,5074.333333333334,106.97289082978887,106.97289082978887,98.08251970007301,115.86326195950473,98.08251970007301,115.86326195950473,4794.303273192236,4706.423673987939,4883.427040070633,22.527109170211133,13.636738040495274,31.417480299926993,280.03006014109997,190.9062932627022,367.909659345394
2018-09-23,5202.333333333334,105.02520941496228,105.02520941496228,96.13238192671456,113.91803690321001,96.13238192671456,113.91803690321001,4899.328482607198,4808.906753624122,4990.178199385801,22.974790585037724,14.081963096789991,31.867618073285442,303.0048507261377,212.1551339475335,393.4265797092112
2018-09-30,5338.333333333334,105.02520941496228,105.02520941496228,96.12992624648567,113.9204925834389,96.12992624648567,113.9204925834389,5004.3536920221595,4915.929337915564,5098.055455037806,30.974790585037724,22.0795074165611,39.87007375351433,333.97964131117544,240.27787829552835,422.4039954177694
2018-10-07,5466.333333333334,105.02520941496228,105.02520941496228,96.12747124399813,113.92294758592642,96.12747124399813,113.92294758592642,5109.378901437121,5019.244644543098,5204.822220189684,22.974790585037724,14.077052414073577,31.87252875600187,356.9544318962132,261.5111131436488,447.088688790237
2018-10-14,5589.333333333334,105.02520941496228,105.02520941496228,96.12501691869112,113.92540191123344,96.12501691869112,113.92540191123344,5214.404110852083,5123.415053683682,5310.029045105546,17.974790585037724,9.074598088766564,26.874983081308883,374.9292224812509,279.30428822778555,465.91827964965233
2018-10-21,5711.583333333334,105.02520941496228,105.02520941496228,96.12256327000456,113.92785555992,96.12256327000456,113.92785555992,5319.429320267045,5226.204359484327,5419.595142050867,17.224790585037724,8.322144440079995,26.127436729995438,392.15401306628866,291.98819128246583,485.37897384900646
2018-10-28,5835.583333333334,105.02520941496228,105.02520941496228,96.12011029737917,113.9303085325454,96.12011029737917,113.9303085325454,5424.454529682007,5329.524826798594,5525.765206318057,18.974790585037724,10.069691467454604,27.87988970262083,411.1288036513264,309.81812701527645,506.05850653473794
2018-11-04,5955.583333333334,103.07752800013569,103.07752800013569,94.16997658542982,111.98507941484156,94.16997658542982,111.98507941484156,5527.532057682142,5429.890429479912,5629.548044662647,16.922471999864314,8.014920585158436,25.830023414570178,428.05127565119074,326.03528867068593,525.6929038534219
2018-11-11,6074.583333333334,103.07752800013569,103.07752800013569,94.16752496325194,111.98753103701945,94.16752496325194,111.98753103701945,5630.609585682278,5532.18820876592,5736.546143486368,15.922471999864314,7.012468962980549,24.832475036748065,443.9737476510551,338.0371898469646,542.3951245674126
2018-11-18,6190.583333333334,102.42830086186014,102.42830086186014,93.5158468771864,111.34075484653388,93.5158468771864,111.34075484653388,5733.037886544138,5630.440627090502,5840.8641308714305,13.571699138139863,4.659245153466117,22.484153122813595,457.54544678919495,349.71920246190325,560.1427062428293
2018-11-25,6305.583333333334,103.07752800013569,103.07752800013569,94.16262374150364,111.99243225876774,94.16262374150364,111.99243225876774,5836.115414544273,5732.075242914249,5946.169900071457,11.922471999864314,3.007567741232265,20.837376258496363,469.46791878905924,359.413433261877,573.5080904190813
2018-12-02,6417.250000000001,101.12984658530911,101.12984658530911,92.21249272599496,110.04720044462326,92.21249272599496,110.04720044462326,5937.245261129582,5832.895355425413,6048.612870772799,10.536820081357575,1.6194662220434282,19.454173940671723,480.0047388704168,368.63712922720106,584.354644574585
2018-12-09,6527.250000000001,101.12984658530911,101.12984658530911,92.21004379803438,110.04964937258383,92.21004379803438,110.04964937258383,6038.375107714891,5929.367881446524,6151.137200130067,8.87015341469089,-0.04964937258382918,17.789956201965623,488.8748922851077,376.1127998699358,597.882118553476
2018-12-16,6636.250000000001,99.1821651704825,99.1821651704825,90.25991412741479,108.10441621355024,90.25991412741479,108.10441621355024,6137.557272885373,6023.778667452468,6254.636996349469,9.817834829517494,0.8955837864497624,18.74008587258521,498.6927271146252,381.6130036505329,612.4713325475319
2018-12-23,6745.250000000001,98.53293803220697,98.53293803220697,89.60823940496066,107.45763665945327,89.60823940496066,107.45763665945327,6236.09021091758,6122.2720710137755,6352.661412354019,10.467061967793029,1.5423633405467285,19.391760595039344,509.15978908241823,392.5885876459831,622.9779289862236
2018-12-30,6857.916666666668,103.07752800013569,103.07752800013569,94.1503824597728,112.00467354049859,94.1503824597728,112.00467354049859,6339.167738917716,6222.799658895478,6457.095151050473,9.589138666531,0.6619931261680989,18.516284206893886,518.7489277489492,400.82151561619577,635.1170077711876
2019-01-06,6972.916666666668,99.1821651704825,99.1821651704825,90.25257338751337,108.11175695345167,90.25257338751337,108.11175695345167,6438.349904088198,6325.950826773278,6558.509131777978,15.817834829517494,6.888243046548325,24.747426612486635,534.5667625784668,414.40753488869035,646.9658398933877
2019-01-13,7082.916666666668,95.28680234082934,95.28680234082934,86.35476498521336,104.21883969644531,86.35476498521336,104.21883969644531,6533.636706429027,6418.94353054362,6654.526012484384,14.71319765917066,5.781160303554685,23.645235014786635,549.2799602376374,428.39065418228404,663.973136123045
2019-01-20,7192.916666666668,95.28680234082934,95.28680234082934,86.3523200819758,104.22128459968286,86.3523200819758,104.22128459968286,6628.923508769856,6512.808798486653,6751.168541582075,14.71319765917066,5.7787154003171395,23.647679918024195,563.993157896808,441.74812508459434,680.1078681800143
2019-01-27,7302.916666666668,93.33912092600275,93.33912092600275,84.40219443277157,102.27604741923393,84.40219443277157,102.27604741923393,6722.262629695859,6605.127789502681,6851.0253870433235,16.66087907399725,7.723952580766067,25.597805567228434,580.6540369708052,451.8912796233427,697.7888771639867
2019-02-03,7412.916666666668,95.28680234082934,95.28680234082934,86.34743228153172,104.22617240012694,86.34743228153172,104.22617240012694,6817.549432036688,6697.558781742077,6950.3708126155625,14.71319765917066,5.773827599873059,23.652567718468276,595.3672346299759,462.5458540511024,715.3578849245874
2019-02-10,7521.916666666668,93.33912092600275,93.33912092600275,84.39730796840206,102.28093388360344,84.39730796840206,102.28093388360344,6910.8885529626905,6789.67890673558,7047.358091126611,15.66087907399725,6.7190661163965615,24.60269203159794,611.0281137039731,474.5585755400542,732.2377599310876
2019-02-17,7631.916666666668,91.39143951117616,91.39143951117616,82.44718432248858,100.33569469986374,82.44718432248858,100.33569469986374,7002.2799924738665,6875.382965522016,7138.168381464201,18.60856048882384,9.664305300136263,27.55281567751142,629.6366741927969,493.74828520246706,756.533701144652
2019-02-24,7741.916666666668,90.41759880376286,90.41759880376286,81.4709020506582,99.36429555686753,81.4709020506582,99.36429555686753,7092.69759127763,6962.179491265041,7232.45193332252,19.582401196237143,10.635704443132468,28.529097949341804,649.2190753890341,509.46473334414674,779.7371754016256
2019-03-03,7851.416666666668,92.04066664945171,92.04066664945171,83.09152899805407,100.98980430084934,83.09152899805407,100.98980430084934,7184.738257927082,7052.054358326192,7328.499141137246,17.45933335054829,8.510195699150657,26.408471001945927,666.6784087395823,522.9175255294238,799.3623083404736
2019-03-10,7963.416666666668,95.28680234082934,95.28680234082934,86.33522445671797,104.23838022494071,86.33522445671797,104.23838022494071,7280.025060267911,7146.899416041477,7423.8070245753015,16.71319765917066,7.7616197750592875,25.664775543282033,683.391606398753,539.6096420913659,816.5172506251896
2019-03-17,8078.416666666668,95.28680234082934,95.28680234082934,86.33278488903929,104.24081979261939,86.33278488903929,104.24081979261939,7375.31186260874,7240.381122140112,7518.095780237199,19.71319765917066,10.75918020738061,28.66721511096071,703.1048040579236,560.3208864294684,838.0355445265528
2019-03-24,8196.416666666668,95.28680234082934,95.28680234082934,86.33034598585222,104.24325869580645,86.33034598585222,104.24325869580645,7470.598664949569,7333.489458838704,7616.300586994865,22.71319765917066,13.756741304193554,31.66965401414778,725.8180017170943,580.1160796718046,862.9272078279604
2019-03-31,8311.416666666668,95.28680234082934,95.28680234082934,86.32790774661409,104.24569693504458,86.32790774661409,104.24569693504458,7565.885467290398,7426.411040151492,7714.859476547407,19.71319765917066,10.754303064955423,28.672092253385912,745.5311993762649,596.5571901192588,885.0056265151727
2019-04-07,8426.416666666668,95.28680234082934,95.28680234082934,86.32547017078296,104.24813451087572,86.32547017078296,104.24813451087572,7661.172269631227,7524.550570953887,7810.365464153509,19.71319765917066,10.751865489124285,28.674529829217036,765.2443970354356,616.0512025131615,901.8660957127797
2019-04-14,8544.416666666668,95.28680234082934,95.28680234082934,86.3230332578176,104.25057142384108,86.3230332578176,104.25057142384108,7756.459071972056,7616.477946270492,7912.292799230726,22.71319765917066,13.74942857615892,31.6769667421824,787.9575946946062,632.1238674359412,927.9387203961708
2019-04-21,8664.416666666668,95.28680234082934,95.28680234082934,86.32059700717753,104.25300767448115,86.32059700717753,104.25300767448115,7851.7458743128855,7708.259551353252,8006.268600200622,24.71319765917066,15.746992325518846,33.679402992822475,812.6707923537768,658.1480664660471,956.1571153134101
2019-04-28,8784.416666666668,95.28680234082934,95.28680234082934,86.318161418323,104.25544326333568,86.318161418323,104.25544326333568,7947.032676653715,7802.811161746204,8102.611745242264,24.71319765917066,15.744556736664322,33.681838581677,837.3839900129475,681.8049214244057,981.6055049204623
2019-05-05,8909.416666666668,95.28680234082934,95.28680234082934,86.31572649071501,104.25787819094366,86.31572649071501,104.25787819094366,8042.319478994544,7896.399375399938,8200.285748143893,29.71319765917066,20.742121809056343,38.68427350928499,867.0971876721181,709.1309185227733,1013.0172912667244
2019-05-12,9034.416666666668,99.1821651704825,99.1821651704825,90.20865505346846,108.15567528749656,90.20865505346846,108.15567528749656,8141.501644165026,7997.369488647166,8303.969984602185,25.817834829517494,16.844324712503436,34.79134494653154,892.9150225016356,730.4466820644802,1037.0471780194994
2019-05-19,9163.416666666668,101.77907372358464,101.77907372358464,92.80312999984159,110.75501744732772,92.80312999984159,110.75501744732772,8243.28071788861,8094.7339818526525,8407.97981848127,27.220926276415355,18.244982552672283,36.19687000015841,920.135948778051,755.4368481853994,1068.6826848140113
2019-05-26,9292.916666666668,103.07752800013569,103.07752800013569,94.0991513292975,112.05590467097389,94.0991513292975,112.05590467097389,8346.358245888747,8195.486683406167,8514.424238250098,26.422471999864314,17.444095329026112,35.4008486707025,946.5584207779153,778.4924284165712,1097.4299832605
2019-06-02,9419.916666666668,103.07752800013569,103.07752800013569,94.09671904130016,112.05833695897122,94.09671904130016,112.05833695897122,8449.435773888883,8296.485428232352,8620.236606800949,23.922471999864314,14.941663041028775,32.90328095869984,970.4808927777797,799.6800598657203,1123.4312384343104
2019-06-09,9549.916666666668,105.02520941496228,105.02520941496228,96.04196882669183,114.00845000323274,96.04196882669183,114.00845000323274,8554.460983303845,8398.401358105559,8726.111663223453,24.974790585037724,15.991549996767262,33.95803117330817,995.4556833628174,823.8050034432121,1151.515308561109
2019-06-16,9679.916666666668,106.97289082978887,106.97289082978887,97.98721927011127,115.95856238946646,97.98721927011127,115.95856238946646,8661.433874133634,8502.760412112375,8833.526758930007,23.027109170211133,14.041437610533535,32.01278072988873,1018.4827925330285,846.3899077366641,1177.1562545542927
2019-06-23,9811.916666666668,112.81593507426864,112.81593507426864,103.82783320067776,121.80403694785952,103.82783320067776,121.80403694785952,8774.249809207902,8614.467562353944,8945.087925308677,19.184064925731363,10.195963052140485,28.17216679932224,1037.6668574587598,866.8287413579878,1197.4491043127227
2019-06-30,9943.583333333334,110.86825365944205,110.86825365944205,101.87772212889854,119.85878518998555,101.87772212889854,119.85878518998555,8885.118062867345,8721.18771077301,9056.01236103488,20.79841300722461,11.807881476681104,29.788944537768117,1058.4652704659843,887.5709722984514,1222.3956225603224
