,date,price_float
0,2015-03-01,71.63636363636364
1,2015-03-02,70.5848623853211
2,2015-03-03,70.66966292134832
3,2015-03-04,71.13033707865169
4,2015-03-05,71.25858123569795
5,2015-03-06,73.0873786407767
6,2015-03-07,72.81572481572482
7,2015-03-08,70.65324384787472
8,2015-03-09,70.31837606837607
9,2015-03-10,70.08884297520662
10,2015-03-11,69.80903490759754
11,2015-03-12,69.27463312368972
12,2015-03-13,72.31746031746032
13,2015-03-14,72.13103448275862
14,2015-03-15,69.81390593047034
15,2015-03-16,69.96875
16,2015-03-17,69.6717850287908
17,2015-03-18,70.56164383561644
18,2015-03-19,70.96660117878193
19,2015-03-20,72.94432989690722
20,2015-03-21,72.51041666666667
21,2015-03-22,70.27766599597585
22,2015-03-23,70.08023483365949
23,2015-03-24,71.05210420841684
24,2015-03-25,71.07098121085595
25,2015-03-26,70.60574948665298
26,2015-03-27,72.95901639344262
27,2015-03-28,72.46601941747574
28,2015-03-29,70.00743494423791
29,2015-03-30,69.31711711711712
30,2015-03-31,69.07543859649122
31,2015-04-01,69.09310344827587
32,2015-04-02,69.06282722513089
33,2015-04-03,70.87453874538745
34,2015-04-04,70.82967032967034
35,2015-04-05,68.28097731239093
36,2015-04-06,68.25969645868466
37,2015-04-07,68.43166666666667
38,2015-04-08,68.15371621621621
39,2015-04-09,68.21160409556315
40,2015-04-10,70.20926243567753
41,2015-04-11,70.28424657534246
42,2015-04-12,68.59696458684654
43,2015-04-13,68.62778730703259
44,2015-04-14,68.5645438898451
45,2015-04-15,68.6483704974271
46,2015-04-16,68.6048951048951
47,2015-04-17,70.47202797202797
48,2015-04-18,70.18556701030928
49,2015-04-19,67.94378194207836
50,2015-04-20,68.0688524590164
51,2015-04-21,67.9640522875817
52,2015-04-22,68.16013071895425
53,2015-04-23,68.11292962356792
54,2015-04-24,69.86567164179104
55,2015-04-25,70.04793388429752
56,2015-04-26,68.47308319738988
57,2015-04-27,68.59609120521172
58,2015-04-28,68.4313408723748
59,2015-04-29,68.34670947030497
60,2015-04-30,68.17207792207792
61,2015-05-01,70.2344262295082
62,2015-05-02,70.13703099510603
63,2015-05-03,68.36581469648563
64,2015-05-04,68.45696400625978
65,2015-05-05,68.5203125
66,2015-05-06,68.32601880877743
67,2015-05-07,68.3801261829653
68,2015-05-08,70.336
69,2015-05-09,70.34028892455859
70,2015-05-10,68.38924050632912
71,2015-05-11,68.53134796238244
72,2015-05-12,68.66905444126074
73,2015-05-13,68.78378378378379
74,2015-05-14,68.77825464949929
75,2015-05-15,71.14866863905326
76,2015-05-16,71.3018154311649
77,2015-05-17,69.22385861561119
78,2015-05-18,68.9804347826087
79,2015-05-19,68.87393162393163
80,2015-05-20,68.9103840682788
81,2015-05-21,69.027817403709
82,2015-05-22,71.17134416543574
83,2015-05-23,71.18580060422961
84,2015-05-24,68.75113122171946
85,2015-05-25,68.5436005625879
86,2015-05-26,68.41265474552958
87,2015-05-27,68.34735413839891
88,2015-05-28,68.73396998635744
89,2015-05-29,71.02197802197803
90,2015-05-30,71.49304589707927
91,2015-05-31,73.8314606741573
92,2015-06-01,73.03813559322033
93,2015-06-02,72.89539748953975
94,2015-06-03,73.34549356223177
95,2015-06-04,73.70428893905192
96,2015-06-05,77.35251798561151
97,2015-06-06,78.23627684964201
98,2015-06-07,75.0551876379691
99,2015-06-08,73.719836400818
100,2015-06-09,73.10183299389001
101,2015-06-10,73.36344537815125
102,2015-06-11,74.53218884120172
103,2015-06-12,78.40338164251207
104,2015-06-13,78.13691931540342
105,2015-06-14,75.31162790697674
106,2015-06-15,74.45434782608696
107,2015-06-16,74.15876288659794
108,2015-06-17,73.25150905432595
109,2015-06-18,73.70468431771894
110,2015-06-19,76.76715176715177
111,2015-06-20,76.84288747346072
112,2015-06-21,74.29856850715747
113,2015-06-22,73.95131845841784
114,2015-06-23,74.63967611336032
115,2015-06-24,74.2357894736842
116,2015-06-25,74.95661605206074
117,2015-06-26,78.18721461187215
118,2015-06-27,78.03432494279176
119,2015-06-28,74.4327731092437
120,2015-06-29,73.72972972972973
121,2015-06-30,73.77383177570094
122,2015-07-01,74.47137404580153
123,2015-07-02,74.95238095238095
124,2015-07-03,77.56082474226804
125,2015-07-04,77.07438016528926
126,2015-07-05,74.6581532416503
127,2015-07-06,74.18060836501901
128,2015-07-07,74.18666666666667
129,2015-07-08,74.99405940594059
130,2015-07-09,73.81573498964804
131,2015-07-10,75.86344537815125
132,2015-07-11,75.60631578947368
133,2015-07-12,73.99164926931107
134,2015-07-13,74.26833976833977
135,2015-07-14,73.50844277673546
136,2015-07-15,73.27221172022685
137,2015-07-16,73.19148936170212
138,2015-07-17,75.87795275590551
139,2015-07-18,75.92415169660678
140,2015-07-19,72.8359375
141,2015-07-20,73.00191938579654
142,2015-07-21,73.06741573033707
143,2015-07-22,73.05123339658444
144,2015-07-23,73.24230769230769
145,2015-07-24,75.40307101727447
146,2015-07-25,75.2561669829222
147,2015-07-26,73.04868913857678
148,2015-07-27,72.78927911275416
149,2015-07-28,72.72151898734177
150,2015-07-29,72.73881932021467
151,2015-07-30,73.09689213893967
152,2015-07-31,75.4183486238532
153,2015-08-01,75.33151183970855
154,2015-08-02,73.19064748201438
155,2015-08-03,72.85514834205934
156,2015-08-04,72.89100346020761
157,2015-08-05,73.2424778761062
158,2015-08-06,73.06607142857143
159,2015-08-07,75.040072859745
160,2015-08-08,75.1711229946524
161,2015-08-09,72.04266211604096
162,2015-08-10,72.77956989247312
163,2015-09-02,85.83636363636364
164,2015-09-03,85.70854271356784
165,2015-09-04,87.48717948717949
166,2015-09-05,97.8
167,2015-09-06,86.27027027027027
168,2015-09-07,80.23648648648648
169,2015-09-08,78.27586206896552
170,2015-09-09,78.45901639344262
171,2015-09-10,80.71672354948805
172,2015-09-11,84.86746987951807
173,2015-09-12,84.16078431372549
174,2015-09-13,79.58160237388724
175,2015-09-14,78.12206572769954
176,2015-09-15,77.62929061784897
177,2015-09-16,78.66587677725119
178,2015-09-17,79.49747474747475
179,2015-09-18,82.76190476190476
180,2015-09-19,84.34670487106017
181,2015-09-20,80.4220623501199
182,2015-09-21,78.94669509594883
183,2015-09-22,77.06286836935168
184,2015-09-23,77.26810176125245
185,2015-09-24,77.25469728601253
186,2015-09-25,81.32293986636971
187,2015-09-26,80.38293216630197
188,2015-09-27,78.09883720930233
189,2015-09-28,76.9079646017699
190,2015-09-29,76.33333333333333
191,2015-09-30,76.17060810810811
192,2015-10-01,75.17562724014337
193,2015-10-02,79.86705202312139
194,2015-10-03,80.04724409448819
195,2015-10-04,76.27848101265823
196,2015-10-05,75.31343283582089
197,2015-10-06,74.3984
198,2015-10-07,74.58469055374593
199,2015-10-08,75.4675540765391
200,2015-10-09,79.15753424657534
201,2015-10-10,79.70689655172414
202,2015-10-11,76.16528925619835
203,2015-10-12,75.73865414710485
204,2015-10-13,75.61456752655539
205,2015-10-14,76.6473282442748
206,2015-10-15,76.78199052132702
207,2015-10-16,80.41909385113269
208,2015-10-17,80.6051779935275
209,2015-10-18,77.51782945736434
210,2015-10-19,76.37202380952381
211,2015-10-20,75.83946980854198
212,2015-10-21,75.96778916544656
213,2015-10-22,76.40615835777126
214,2015-10-23,79.55917159763314
215,2015-10-24,79.6274217585693
216,2015-10-25,77.07163742690058
217,2015-10-26,76.22967189728959
218,2015-10-27,75.81455064194009
219,2015-10-28,75.84900284900284
220,2015-10-29,76.0677966101695
221,2015-10-30,79.1026722925457
222,2015-10-31,79.36248236953456
223,2015-11-01,75.77260273972603
224,2015-11-02,71.6678281068525
225,2015-11-03,70.85739030023095
226,2015-11-04,71.18071593533487
227,2015-11-05,72.02923627684964
228,2015-11-06,75.89682539682539
229,2015-11-07,76.16297662976629
230,2015-11-08,72.4044289044289
231,2015-11-09,71.59158134243458
232,2015-11-10,71.2001133786848
233,2015-11-11,71.39028571428571
234,2015-11-12,71.70149253731343
235,2015-11-13,75.50232018561485
236,2015-11-14,75.73201856148492
237,2015-11-15,72.54011299435028
238,2015-11-16,71.27442371020857
239,2015-11-17,71.04714912280701
240,2015-11-18,71.03661202185792
241,2015-11-19,71.47142857142858
242,2015-11-20,74.8993288590604
243,2015-11-21,75.22905027932961
244,2015-11-22,72.08565072302558
245,2015-11-23,71.62694013303769
246,2015-11-24,71.8
247,2015-11-25,72.85472578763127
248,2015-11-26,73.48602673147023
249,2015-11-27,75.95863309352518
250,2015-11-28,75.77529411764706
251,2015-11-29,72.30690826727067
252,2015-11-30,71.1566265060241
253,2015-12-01,70.8933260393873
254,2015-12-02,66.37424789410349
255,2015-12-03,66.64119804400978
256,2015-12-04,69.76847290640394
257,2015-12-05,70.12173913043478
258,2015-12-06,67.51186239620404
259,2015-12-07,67.02173913043478
260,2015-12-08,66.79176470588236
261,2015-12-09,66.93546511627908
262,2015-12-10,66.66333725029378
263,2015-12-11,70.03919239904988
264,2015-12-12,70.36638954869359
265,2015-12-13,67.4529964747356
266,2015-12-14,66.92823803967327
267,2015-12-15,66.46332945285215
268,2015-12-16,66.59930715935334
269,2015-12-17,66.90614136732329
270,2015-12-18,69.88574793875148
271,2015-12-19,70.55303933253873
272,2015-12-20,68.48074608904933
273,2015-12-21,68.39037758830695
274,2015-12-22,68.38351920693928
275,2015-12-23,68.5945945945946
276,2015-12-24,69.6522911051213
277,2015-12-25,72.4918144611187
278,2015-12-26,72.76280323450135
279,2015-12-27,69.8051948051948
280,2015-12-28,69.16370558375634
281,2015-12-29,68.39219330855019
282,2015-12-30,68.48828606658446
283,2015-12-31,69.5659062103929
284,2016-01-01,72.09780439121754
285,2016-01-02,71.06200227531284
286,2016-01-03,67.11355507868383
287,2016-01-04,66.7004175365344
288,2016-01-05,66.72571232406452
289,2016-01-06,66.95988292011015
290,2016-01-07,67.09420289855069
291,2016-01-08,69.71433470507546
292,2016-01-09,70.0504476584022
293,2016-01-10,67.07279890373414
294,2016-01-11,66.60104588394057
295,2016-01-12,66.34912634408597
296,2016-01-13,66.5439838220424
297,2016-01-14,66.70503718728867
298,2016-01-15,69.73843537414965
299,2016-01-16,70.04996577686516
300,2016-01-17,67.2013319672131
301,2016-01-18,66.62936827956986
302,2016-01-19,66.46233333333332
303,2016-01-20,66.66716716716714
304,2016-01-21,66.83902847571187
305,2016-01-22,69.6278056951424
306,2016-01-23,69.81072026800669
307,2016-01-24,66.85437541750163
308,2016-01-25,66.35916666666664
309,2016-01-26,66.29627783316714
310,2016-01-27,66.31671651711528
311,2016-01-28,66.5218115218115
312,2016-01-29,69.46137196137192
313,2016-01-30,69.63710499490314
314,2016-01-31,66.80617408906876
315,2016-02-01,65.8592715231788
316,2016-02-02,64.85052631578945
317,2016-02-03,64.8103023909986
318,2016-02-04,64.97762508809019
319,2016-02-05,67.8301587301587
320,2016-02-06,67.96677271120535
321,2016-02-07,65.41254295532643
322,2016-02-08,65.02074829931966
323,2016-02-09,64.894960844399
324,2016-02-10,65.0803480040941
325,2016-02-11,65.47695218438248
326,2016-02-12,68.69450243562977
327,2016-02-13,69.06912280701751
328,2016-02-14,66.51313025210081
329,2016-02-15,65.10231528770849
330,2016-02-16,64.96083418107827
331,2016-02-17,64.81926076636142
332,2016-02-18,65.17550118926262
333,2016-02-19,68.23367521367517
334,2016-02-20,68.41017759562835
335,2016-02-21,65.7541371158392
336,2016-02-22,65.21696847753181
337,2016-02-23,65.04400937081657
338,2016-02-24,65.10167504187602
339,2016-02-25,65.26875210225357
340,2016-02-26,68.16649763353614
341,2016-02-27,68.41361788617881
342,2016-02-28,65.6894630192502
343,2016-02-29,65.2611443779108
344,2016-03-01,65.38167170191338
345,2016-03-02,64.53057939914163
346,2016-03-03,64.5762987012987
347,2016-03-04,67.30186608122942
348,2016-03-05,67.62513661202186
349,2016-03-06,65.56392199349946
350,2016-03-07,65.18810289389067
351,2016-03-08,65.13612004287245
352,2016-03-09,65.19734042553192
353,2016-03-10,65.28740581270183
354,2016-03-11,68.43851132686085
355,2016-03-12,68.59891891891891
356,2016-03-13,65.94360902255639
357,2016-03-14,65.65764331210191
358,2016-03-15,65.53760593220339
359,2016-03-16,65.77989417989419
360,2016-03-17,65.98193411264612
361,2016-03-18,68.71481876332622
362,2016-03-19,68.86898395721926
363,2016-03-20,66.40394877267876
364,2016-03-21,66.13059701492537
365,2016-03-22,66.08989361702127
366,2016-03-23,66.0849358974359
367,2016-03-24,66.02224576271186
368,2016-03-25,68.77054429028816
369,2016-03-26,68.71624472573839
370,2016-03-27,66.07586933614331
371,2016-03-28,65.83298755186722
372,2016-03-29,65.89563862928348
373,2016-03-30,65.94074844074844
374,2016-03-31,66.248654467169
375,2016-04-01,69.77267080745342
376,2016-04-02,69.58210784313725
377,2016-04-03,66.83553421368548
378,2016-04-04,66.56599286563615
379,2016-04-05,66.17284623773173
380,2016-04-06,65.74239130434782
381,2016-04-07,65.82456140350877
382,2016-04-08,68.95474613686534
383,2016-04-09,68.95479302832244
384,2016-04-10,65.51365546218487
385,2016-04-11,65.06960081883317
386,2016-04-12,65.23367346938775
387,2016-04-13,65.40061791967044
388,2016-04-14,65.625
389,2016-04-15,68.82610993657505
390,2016-04-16,69.21224920802534
391,2016-04-17,65.84735202492212
392,2016-04-18,65.27772126144455
393,2016-04-19,65.05790533736153
394,2016-04-20,65.1314459049545
395,2016-04-21,65.58650875386199
396,2016-04-22,68.75916230366492
397,2016-04-23,68.91983122362869
398,2016-04-24,65.65435897435897
399,2016-04-25,65.21671671671672
400,2016-04-26,65.1867469879518
401,2016-04-27,65.32914572864321
402,2016-04-28,65.49546370967742
403,2016-04-29,68.58939393939394
404,2016-04-30,68.93023255813954
405,2016-05-01,66.95114656031905
406,2016-05-02,67.1823347107438
407,2016-05-03,66.34398934398935
408,2016-05-04,66.06741573033707
409,2016-05-05,66.0734126984127
410,2016-05-06,69.40933694181327
411,2016-05-07,70.26077885952712
412,2016-05-08,66.40013140604468
413,2016-05-09,66.03531598513011
414,2016-05-10,65.94889162561576
415,2016-05-11,66.15129151291512
416,2016-05-12,66.17888748419722
417,2016-05-13,69.29738562091504
418,2016-05-14,69.65554072096128
419,2016-05-15,66.99418604651163
420,2016-05-16,66.12734082397004
421,2016-05-17,66.30902348578492
422,2016-05-18,66.81699751861042
423,2016-05-19,66.93989769820972
424,2016-05-20,69.37402088772846
425,2016-05-21,69.48041775456919
426,2016-05-22,66.4003807106599
427,2016-05-23,66.05
428,2016-05-24,66.11189634864546
429,2016-05-25,66.28158205430933
430,2016-05-26,66.41129032258064
431,2016-05-27,69.97138964577657
432,2016-05-28,70.56373937677054
433,2016-05-29,68.10623229461757
434,2016-05-30,67.44458438287154
435,2016-05-31,67.10837438423646
436,2016-06-01,67.45657568238214
437,2016-06-02,67.845
438,2016-06-03,70.085931254996
439,2016-06-04,70.4416961130742
440,2016-06-05,67.32834994462901
441,2016-06-06,67.54014336917561
442,2016-06-07,67.15562565720293
443,2016-06-08,67.44915254237286
444,2016-06-09,68.03779697624189
445,2016-06-10,70.55468164794007
446,2016-06-11,70.92709529276695
447,2016-06-12,67.86394927536232
448,2016-06-13,67.3092013888889
449,2016-06-14,67.55109739368996
450,2016-06-15,67.60620075368274
451,2016-06-16,67.7510570824524
452,2016-06-17,70.26530612244895
453,2016-06-18,70.56493506493503
454,2016-06-19,67.19559944559944
455,2016-06-20,66.83774609640186
456,2016-06-21,66.68247561385802
457,2016-06-22,66.78503401360543
458,2016-06-23,66.96755921730173
459,2016-06-24,70.04654021777306
460,2016-06-25,70.05144467935162
461,2016-06-26,67.68855567045846
462,2016-06-27,67.32841641234315
463,2016-06-28,67.11335351496804
464,2016-06-29,67.16060606060604
465,2016-06-30,67.92040816326532
466,2016-07-01,71.17931155602386
467,2016-07-02,71.26122807017542
468,2016-07-03,69.12629399585921
469,2016-07-04,69.6563796680498
470,2016-07-05,68.69397363465158
471,2016-07-06,68.92149220489976
472,2016-07-07,68.82911392405065
473,2016-07-08,72.31910066006601
474,2016-07-09,72.34997944923963
475,2016-07-10,68.82254335260116
476,2016-07-11,68.47372289599413
477,2016-07-12,68.14086021505375
478,2016-07-13,68.63199711087034
479,2016-07-14,68.89929785661492
480,2016-07-15,71.04597701149424
481,2016-07-16,71.15825508607197
482,2016-07-17,68.16152149944874
483,2016-07-18,67.47647484618166
484,2016-07-19,68.31827731092437
485,2016-07-20,68.61311417461998
486,2016-07-21,69.3609921484654
487,2016-07-22,72.37567567567567
488,2016-07-23,72.60523446019629
489,2016-07-24,69.45759471671882
490,2016-07-25,69.18834547346512
491,2016-07-26,68.90783090783088
492,2016-07-27,68.91910229645094
493,2016-07-28,68.84489505514053
494,2016-07-29,71.59072871572873
495,2016-07-30,72.10318311874104
496,2016-07-31,69.07000000000002
497,2016-08-01,69.18887722980062
498,2016-08-02,70.02784503631962
499,2016-08-03,70.48014440433214
500,2016-08-04,70.4548780487805
501,2016-08-05,74.6972534332085
502,2016-08-06,74.0799057412168
503,2016-08-07,69.82187993680884
504,2016-08-08,69.19245354569584
505,2016-08-09,68.91534988713319
506,2016-08-10,69.15540282550592
507,2016-08-11,69.55965120887831
508,2016-08-12,73.30139230139228
509,2016-08-13,73.39988009592325
510,2016-08-14,69.5491865304578
511,2016-08-15,69.15082793376533
512,2016-08-16,69.38930084745763
513,2016-08-17,69.53672014260248
514,2016-08-18,69.60581437342002
515,2016-08-19,73.5751988430947
516,2016-08-20,73.83315158124319
517,2016-08-21,69.57862622036261
518,2016-08-22,69.29432989690724
519,2016-08-23,69.26248725790013
520,2016-08-24,69.25323790047716
521,2016-08-25,69.73180272108844
522,2016-08-26,73.19781931464172
523,2016-08-27,73.61241496598639
524,2016-08-28,69.73014290461948
525,2016-08-29,68.87621832358677
526,2016-08-30,68.83060372511241
527,2016-08-31,68.66110581506199
528,2016-09-01,69.75539811066128
529,2016-09-02,75.1608695652174
530,2016-09-03,75.02096569250318
531,2016-09-04,70.47245848521668
532,2016-09-05,69.56370938298649
533,2016-09-06,69.91120360735344
534,2016-09-07,70.08004840940524
535,2016-09-08,70.34199363732765
536,2016-09-09,73.93968593861527
537,2016-09-10,74.24379432624116
538,2016-09-11,69.7060606060606
539,2016-09-12,69.3201320132013
540,2016-09-13,69.08995747464833
541,2016-09-14,69.27468230694036
542,2016-09-15,69.8468646864686
543,2016-09-16,73.62235449735448
544,2016-09-17,73.74016666666668
545,2016-09-18,69.52915838303511
546,2016-09-19,69.0501809805857
547,2016-09-20,69.09570312499999
548,2016-09-21,69.04370515329418
549,2016-09-22,69.43719090009888
550,2016-09-23,73.000322684737
551,2016-09-24,73.15657051282052
552,2016-09-25,69.22438330170775
553,2016-09-26,68.75733704046954
554,2016-09-27,68.66880733944953
555,2016-09-28,68.59777980535277
556,2016-09-29,68.84202500762424
557,2016-09-30,72.39200367647065
558,2016-10-01,72.25402613187482
559,2016-10-02,68.51244942421413
560,2016-10-03,68.50659229208925
561,2016-10-04,68.63709677419355
562,2016-10-05,68.68895643363729
563,2016-10-06,68.77858627858627
564,2016-10-07,72.16754756871036
565,2016-10-08,72.07362288135593
566,2016-10-09,69.06794605809128
567,2016-10-10,68.68054162487462
568,2016-10-11,68.74825870646767
569,2016-10-12,68.90977068793619
570,2016-10-13,69.0444111776447
571,2016-10-14,72.35479041916167
572,2016-10-15,72.39910979228486
573,2016-10-16,69.16814595660749
574,2016-10-17,68.86793372319688
575,2016-10-18,68.8030888030888
576,2016-10-19,68.78585178055823
577,2016-10-20,68.91319107662464
578,2016-10-21,71.87231968810916
579,2016-10-22,72.1207400194742
580,2016-10-23,68.82686711930165
581,2016-10-24,68.77581261950287
582,2016-10-25,68.66571428571429
583,2016-10-26,68.69914448669202
584,2016-10-27,69.09971374045801
585,2016-10-28,71.89827255278311
586,2016-10-29,72.18103448275862
587,2016-10-30,68.96625475285171
588,2016-10-31,68.6354656632173
589,2016-11-01,68.39943872778298
590,2016-11-02,68.9038844621514
591,2016-11-03,70.0
592,2016-11-04,72.6815578465063
593,2016-11-05,72.54942528735633
594,2016-11-06,69.52867570385818
595,2016-11-07,67.88695652173914
596,2016-11-08,67.5752840909091
597,2016-11-09,67.76062322946176
598,2016-11-10,68.50097087378641
599,2016-11-11,72.20603015075378
600,2016-11-12,72.06106106106107
601,2016-11-13,68.0297790585975
602,2016-11-14,67.27455565949485
603,2016-11-15,66.99493554327809
604,2016-11-16,66.84309240622142
605,2016-11-17,67.4222941720629
606,2016-11-18,70.38327032136105
607,2016-11-19,70.7664129400571
608,2016-11-20,67.90739008419084
609,2016-11-21,67.65162790697674
610,2016-11-22,67.88436018957346
611,2016-11-23,68.44223300970874
612,2016-11-24,69.09443339960238
613,2016-11-25,71.49608227228208
614,2016-11-26,71.12115384615385
615,2016-11-27,67.65816326530613
616,2016-11-28,66.80734360834089
617,2016-11-29,66.54375
618,2016-11-30,66.65987599645705
619,2016-12-01,66.86973684210527
620,2016-12-02,69.48946444249341
621,2016-12-03,69.9961464354528
622,2016-12-04,66.52028639618139
623,2016-12-05,65.95391705069125
624,2016-12-06,66.00338600451467
625,2016-12-07,64.85952637244348
626,2016-12-08,64.56517094017094
627,2016-12-09,67.19131832797427
628,2016-12-10,67.55835117773019
629,2016-12-11,64.18913270637408
630,2016-12-12,63.86076604554865
631,2016-12-13,63.90848670756646
632,2016-12-14,63.986280487804876
633,2016-12-15,63.92953367875648
634,2016-12-16,66.91114616193481
635,2016-12-17,66.89017951425555
636,2016-12-18,64.18465608465608
637,2016-12-19,64.16986155484558
638,2016-12-20,64.1951219512195
639,2016-12-21,64.14894736842105
640,2016-12-22,65.39043381535039
641,2016-12-23,68.36585365853658
642,2016-12-24,69.02286401925392
643,2016-12-25,67.09040590405904
644,2016-12-26,66.18683274021352
645,2016-12-27,66.1002277904328
646,2016-12-28,66.02262443438914
647,2016-12-29,66.1347438752784
648,2016-12-30,68.75555555555556
649,2016-12-31,68.81388888888888
650,2017-01-01,65.34699170124482
651,2017-01-02,64.64688128772636
652,2017-01-03,64.29920870425322
653,2017-01-04,63.86858054226479
654,2017-01-05,64.0515835685168
655,2017-01-06,66.33179439827637
656,2017-01-07,66.29315612587845
657,2017-01-08,63.48617373008721
658,2017-01-09,63.18427335123846
659,2017-01-10,63.13080357142861
660,2017-01-11,63.345557543232
661,2017-01-12,63.50876397703233
662,2017-01-13,66.03999999999999
663,2017-01-14,66.2249235474006
664,2017-01-15,63.49325539568347
665,2017-01-16,63.07348148148151
666,2017-01-17,63.00591540964215
667,2017-01-18,63.10103703703705
668,2017-01-19,63.25934098264199
669,2017-01-20,65.74408413672214
670,2017-01-21,65.87273788674835
671,2017-01-22,63.1773018648019
672,2017-01-23,62.848379629629676
673,2017-01-24,62.762152777777814
674,2017-01-25,62.756554307116154
675,2017-01-26,63.02099511072768
676,2017-01-27,65.42421627840089
677,2017-01-28,65.43313287514316
678,2017-01-29,62.97711015736771
679,2017-01-30,62.64326484018268
680,2017-01-31,62.51232993197283
681,2017-02-01,62.81421693571231
682,2017-02-02,62.920851063829836
683,2017-02-03,65.16158192090388
684,2017-02-04,65.76224188790557
685,2017-02-05,62.97964015151515
686,2017-02-06,62.84622641509434
687,2017-02-07,62.77097078228087
688,2017-02-08,62.56823161189357
689,2017-02-09,62.72643781993376
690,2017-02-10,65.37632455343626
691,2017-02-11,65.52089009990918
692,2017-02-12,62.59645199761477
693,2017-02-13,62.408508158508155
694,2017-02-14,62.29979762937263
695,2017-02-15,62.58953287197233
696,2017-02-16,62.966402582159596
697,2017-02-17,65.4778471602736
698,2017-02-18,65.45688888888888
699,2017-02-19,63.14923842999413
700,2017-02-20,62.68555363321799
701,2017-02-21,62.31939704209322
702,2017-02-22,62.39264328485883
703,2017-02-23,62.42428124110445
704,2017-02-24,64.56162224132993
705,2017-02-25,64.68329034107195
706,2017-02-26,62.357163364915245
707,2017-02-27,62.009511641112944
708,2017-02-28,62.08290960451974
709,2017-03-01,62.23452583759225
710,2017-03-02,62.553758865248184
711,2017-03-03,64.84536958368733
712,2017-03-04,64.82681959784763
713,2017-03-05,62.81269113149849
714,2017-03-06,62.55430940728655
715,2017-03-07,62.64182759585779
716,2017-03-08,62.72830665543384
717,2017-03-09,62.73387829246135
718,2017-03-10,64.7870541205412
719,2017-03-11,64.97826086956523
720,2017-03-12,62.68655130540376
721,2017-03-13,62.41061705989111
722,2017-03-14,62.45787878787878
723,2017-03-15,62.64517625231914
724,2017-03-16,63.12642614862781
725,2017-03-17,65.27772628977446
726,2017-03-18,65.56737262124
727,2017-03-19,62.96893939393939
728,2017-03-20,62.580157289776174
729,2017-03-21,62.68953345610805
730,2017-03-22,62.818097014925385
731,2017-03-23,63.23677621283253
732,2017-03-24,65.09113607990012
733,2017-03-25,65.19040968342647
734,2017-03-26,63.03234055354989
735,2017-03-27,62.7641509433962
736,2017-03-28,62.637202380952395
737,2017-03-29,62.553576728999694
738,2017-03-30,62.76884570082449
739,2017-03-31,64.60131004366812
740,2017-04-01,65.03228621291447
741,2017-04-02,63.064935064935064
742,2017-04-03,62.83592177164223
743,2017-04-04,63.03030303030303
744,2017-04-05,63.718117408906885
745,2017-04-06,64.08256880733946
746,2017-04-07,66.40332993544003
747,2017-04-08,66.85021952043228
748,2017-04-09,64.13190383365819
749,2017-04-10,63.73613736609953
750,2017-04-11,63.80792017461798
751,2017-04-12,63.65824758341125
752,2017-04-13,63.70059692114354
753,2017-04-14,66.1644486692015
754,2017-04-15,66.50110794555239
755,2017-04-16,63.79108418763587
756,2017-04-17,63.452204748689454
757,2017-04-18,63.63177226813589
758,2017-04-19,63.653419593345646
759,2017-04-20,63.89147286821701
760,2017-04-21,66.23543233082708
761,2017-04-22,66.29704049844233
762,2017-04-23,63.92432598039212
763,2017-04-24,63.26242095754288
764,2017-04-25,63.27732610659437
765,2017-04-26,63.331048141377174
766,2017-04-27,63.58547008547008
767,2017-04-28,65.93858024691357
768,2017-04-29,65.99689633767844
769,2017-04-30,63.69398907103821
770,2017-05-01,63.69748653500896
771,2017-05-02,63.65570370370371
772,2017-05-03,63.82584606169511
773,2017-05-04,64.02278942570645
774,2017-05-05,66.52354740061158
775,2017-05-06,66.68850470124356
776,2017-05-07,64.4375543951262
777,2017-05-08,63.770189003436464
778,2017-05-09,64.37174940898345
779,2017-05-10,64.37463126843656
780,2017-05-11,65.26190476190477
781,2017-05-12,68.08734052993134
782,2017-05-13,67.95044598612486
783,2017-05-14,64.95669934640523
784,2017-05-15,64.73590982286638
785,2017-05-16,64.78758486905919
786,2017-05-17,64.96261528326748
787,2017-05-18,65.04175084175087
788,2017-05-19,67.94894427137422
789,2017-05-20,68.15130890052359
790,2017-05-21,65.3386000679579
791,2017-05-22,64.73218954248367
792,2017-05-23,64.74591738712779
793,2017-05-24,65.00207933461296
794,2017-05-25,65.30298604349241
795,2017-05-26,68.53633105246014
796,2017-05-27,69.0982438701127
797,2017-05-28,66.54432450114494
798,2017-05-29,65.6929158760279
799,2017-05-30,65.11586863106199
800,2017-05-31,65.27188167124127
801,2017-06-01,66.29470606340413
802,2017-06-02,69.20337670384137
803,2017-06-03,70.19535519125685
804,2017-06-04,68.18617226728466
805,2017-06-05,67.33168859649123
806,2017-06-06,67.64451706608571
807,2017-06-07,67.94131714495954
808,2017-06-08,68.52046783625728
809,2017-06-09,71.3094967839576
810,2017-06-10,71.80412371134017
811,2017-06-11,68.8953572723975
812,2017-06-12,68.34717784877526
813,2017-06-13,68.19890768146581
814,2017-06-14,68.27116542685083
815,2017-06-15,68.21968874411867
816,2017-06-16,71.25364697301238
817,2017-06-17,71.42070484581494
818,2017-06-18,68.96835443037973
819,2017-06-19,68.6874570446735
820,2017-06-20,68.72107792653621
821,2017-06-21,68.62765586903517
822,2017-06-22,68.6915422885572
823,2017-06-23,71.68834080717488
824,2017-06-24,71.86296296296292
825,2017-06-25,69.38865096359741
826,2017-06-26,68.9220711297071
827,2017-06-27,68.73878040424799
828,2017-06-28,68.06911814776983
829,2017-06-29,68.243762993763
830,2017-06-30,71.06165600568588
831,2017-07-01,71.49320457796853
832,2017-07-02,69.05442541042112
833,2017-07-03,69.71162046908317
834,2017-07-04,69.64095837705493
835,2017-07-05,69.52028218694885
836,2017-07-06,70.79239288307916
837,2017-07-07,73.54819277108433
838,2017-07-08,73.94628647214856
839,2017-07-09,71.18200663349918
840,2017-07-10,70.89937839937842
841,2017-07-11,70.85119047619051
842,2017-07-12,70.46697388632876
843,2017-07-13,70.32883986928107
844,2017-07-14,72.77509778357238
845,2017-07-15,73.11579651941099
846,2017-07-16,69.76432606941081
847,2017-07-17,70.39177001127396
848,2017-07-18,70.68495707353492
849,2017-07-19,70.9403961136024
850,2017-07-20,70.70757229832576
851,2017-07-21,73.657965970611
852,2017-07-22,74.08206032119074
853,2017-07-23,70.87745664739884
854,2017-07-24,71.20396912899672
855,2017-07-25,70.94097222222223
856,2017-07-26,71.13454478707784
857,2017-07-27,71.08698092031426
858,2017-07-28,74.07259001161441
859,2017-07-29,74.28250863060991
860,2017-07-30,70.89812775330397
861,2017-07-31,70.52169312169315
862,2017-08-01,70.03998621165121
863,2017-08-02,70.27869415807564
864,2017-08-03,70.48802083333337
865,2017-08-04,74.07381507381507
866,2017-08-05,75.45848267622459
867,2017-08-06,73.25819288389513
868,2017-08-07,74.04281949934123
869,2017-08-08,72.92131431041936
870,2017-08-09,72.64831606217616
871,2017-08-10,73.86582670203359
872,2017-08-11,75.21103603603605
873,2017-08-12,76.71090670170828
874,2017-08-13,74.34621578099835
875,2017-08-14,73.91133491311217
876,2017-08-15,73.16587864460205
877,2017-08-16,73.66136270909828
878,2017-08-17,73.95185185185184
879,2017-08-18,77.67508933129147
880,2017-08-19,80.87027636773828
881,2017-08-20,83.34985754985756
882,2017-08-21,82.66760299625469
883,2017-08-22,77.5100887812752
884,2017-08-23,74.44495412844034
885,2017-08-24,74.58567153011593
886,2017-08-25,76.34676503972759
887,2017-08-26,76.11794582392777
888,2017-08-27,73.32605608803689
889,2017-08-28,72.43752110773383
890,2017-08-29,72.10618014464163
891,2017-08-30,72.05068897637791
892,2017-08-31,71.61303630363034
893,2017-09-01,74.47893495112905
894,2017-09-02,75.46556776556773
895,2017-09-03,72.89878397711013
896,2017-09-04,73.62397179788483
897,2017-09-05,72.49151583710407
898,2017-09-06,72.23314285714285
899,2017-09-07,71.6969696969697
900,2017-09-08,74.6136638452237
901,2017-09-09,75.31900726392251
902,2017-09-10,71.9167610419026
903,2017-09-11,71.36180631120783
904,2017-09-12,70.42852533075187
905,2017-09-13,70.49453551912569
906,2017-09-14,71.03916748607014
907,2017-09-15,73.95584765756658
908,2017-09-16,75.10552763819096
909,2017-09-17,71.59586588541667
910,2017-09-18,70.6476457748675
911,2017-09-19,70.71146122953355
912,2017-09-20,70.48497521685262
913,2017-09-21,70.97157138394256
914,2017-09-22,74.24920178799492
915,2017-09-23,74.13311068702293
916,2017-09-24,70.86635802469138
917,2017-09-25,70.9150772025432
918,2017-09-26,70.53321364452428
919,2017-09-27,70.83752620545077
920,2017-09-28,70.92621212121217
921,2017-09-29,73.39573607220667
922,2017-09-30,73.4706875383671
923,2017-10-01,69.68290140005963
924,2017-10-02,69.34750219106053
925,2017-10-03,69.50203429235691
926,2017-10-04,69.51280303030302
927,2017-10-05,69.69898792033953
928,2017-10-06,72.5994484660462
929,2017-10-07,73.95046001415427
930,2017-10-08,71.31013491280024
931,2017-10-09,69.77870370370371
932,2017-10-10,68.72187218721872
933,2017-10-11,68.84138559708293
934,2017-10-12,69.46796657381618
935,2017-10-13,72.15110062893082
936,2017-10-14,72.33774417139256
937,2017-10-15,69.23991507430998
938,2017-10-16,68.37932564330082
939,2017-10-17,68.38903547346823
940,2017-10-18,68.40269151138718
941,2017-10-19,68.96201966041107
942,2017-10-20,71.79537953795379
943,2017-10-21,72.09536702767748
944,2017-10-22,69.54492882562278
945,2017-10-23,69.33215547703182
946,2017-10-24,68.77579192095322
947,2017-10-25,68.68230524181874
948,2017-10-26,68.75947136563873
949,2017-10-27,71.28738179669033
950,2017-10-28,71.60655496766607
951,2017-10-29,68.56146469049698
952,2017-10-30,68.30752780153982
953,2017-10-31,68.24743150684937
954,2017-11-01,68.4807419994336
955,2017-11-02,73.31660949113778
956,2017-11-03,77.19981916817356
957,2017-11-04,78.15240240240237
958,2017-11-05,77.67202729044834
959,2017-11-06,77.24854932301741
960,2017-11-07,78.54764196342637
961,2017-11-08,78.42392344497608
962,2017-11-09,78.63420542635659
963,2017-11-10,80.36712598425197
964,2017-11-11,80.83675464320626
965,2017-11-12,78.28544061302682
966,2017-11-13,74.42552264808364
967,2017-11-14,73.85528942115769
968,2017-11-15,73.90569800569801
969,2017-11-16,73.49266609145818
970,2017-11-17,74.89713198712322
971,2017-11-18,75.54501323918804
972,2017-11-19,72.45114194854001
973,2017-11-20,72.2040727902946
974,2017-11-21,74.17676324261046
975,2017-11-22,75.11311728395059
976,2017-11-23,76.1434071222329
977,2017-11-24,76.9498427672956
978,2017-11-25,76.78927911275413
979,2017-11-26,73.47938751472319
980,2017-11-27,73.00977060322853
981,2017-11-28,72.9411928651059
982,2017-11-29,72.28192371475953
983,2017-11-30,72.29865679824559
984,2017-12-01,76.13905079100748
985,2017-12-02,74.25697321181994
986,2017-12-03,71.85467980295567
987,2017-12-04,71.66571428571433
988,2017-12-05,70.4195214790647
989,2017-12-06,70.29582651391163
990,2017-12-07,70.63527960526315
991,2017-12-08,72.06696672122202
992,2017-12-09,71.38839645447216
993,2017-12-10,68.49986327590919
994,2017-12-11,67.79761904761904
995,2017-12-12,69.85216413715574
996,2017-12-13,69.79212531752758
997,2017-12-14,70.04846435615673
998,2017-12-15,72.76774559909143
999,2017-12-16,73.55680507497114
1000,2017-12-17,71.53239929947466
1001,2017-12-18,71.34792761237603
1002,2017-12-19,71.52821869488544
1003,2017-12-20,70.86651917404137
1004,2017-12-21,71.59209344115013
1005,2017-12-22,74.49564270152509
1006,2017-12-23,75.12515903307892
1007,2017-12-24,74.13027940220924
1008,2017-12-25,74.41578099838969
1009,2017-12-26,74.08056346945239
1010,2017-12-27,73.92411545623843
1011,2017-12-28,74.21338267036701
1012,2017-12-29,75.61044730392159
1013,2017-12-30,75.78497566909972
1014,2017-12-31,74.40843155031736
1015,2018-01-01,73.43796776050664
1016,2018-01-02,71.6383169203223
1017,2018-01-03,62.1515004840271
1018,2018-01-04,62.13106796116505
1019,2018-01-05,63.295693779904305
1020,2018-01-06,63.44980879541109
1021,2018-01-07,61.84131455399061
1022,2018-01-08,61.62326869806094
1023,2018-01-09,61.6900826446281
1024,2018-01-10,61.7465564738292
1025,2018-01-11,61.80989824236818
1026,2018-01-12,63.69607843137255
1027,2018-01-13,63.755803156917366
1028,2018-01-14,61.868177613321
1029,2018-01-15,61.76132246376812
1030,2018-01-16,61.736513344690536
1031,2018-01-17,61.58223140495866
1032,2018-01-18,61.27956545654565
1033,2018-01-19,63.708885209712996
1034,2018-01-20,64.11101928374653
1035,2018-01-21,61.59300108932462
1036,2018-01-22,61.39071696094167
1037,2018-01-23,61.270500532481336
1038,2018-01-24,61.27609158679446
1039,2018-01-25,61.55089261923795
1040,2018-01-26,63.337761674718195
1041,2018-01-27,63.6719298245614
1042,2018-01-28,61.750530785562646
1043,2018-01-29,61.64695767195768
1044,2018-01-30,61.557575757575755
1045,2018-01-31,61.635449735449725
1046,2018-02-01,61.66495117445235
1047,2018-02-02,63.77600425645116
1048,2018-02-03,63.90297713981924
1049,2018-02-04,62.00423616626951
1050,2018-02-05,61.83333333333332
1051,2018-02-06,61.639063317634715
1052,2018-02-07,61.439203354297696
1053,2018-02-08,61.30544822256569
1054,2018-02-09,63.378518810839275
1055,2018-02-10,63.75752599890536
1056,2018-02-11,61.77229080932784
1057,2018-02-12,60.519999999999975
1058,2018-02-13,60.55458515283839
1059,2018-02-14,60.50088261253306
1060,2018-02-15,60.76236749116604
1061,2018-02-16,63.3148974130241
1062,2018-02-17,64.212588028169
1063,2018-02-18,61.643000573723455
1064,2018-02-19,61.078838174273834
1065,2018-02-20,60.68673718470298
1066,2018-02-21,60.40363090363086
1067,2018-02-22,60.72359396433472
1068,2018-02-23,63.006050605060516
1069,2018-02-24,63.02011019283745
1070,2018-02-25,60.95616883116878
1071,2018-02-26,60.663575268817176
1072,2018-02-27,60.427559476075906
1073,2018-02-28,60.16734143049929
1074,2018-03-01,60.845286059629345
1075,2018-03-02,63.66264090177135
1076,2018-03-03,63.765747499324156
1077,2018-03-04,61.91354083532855
1078,2018-03-05,61.357630680325755
1079,2018-03-06,61.62158254468983
1080,2018-03-07,61.612335958005254
1081,2018-03-08,62.10284853464805
1082,2018-03-09,64.26950947603123
1083,2018-03-10,64.58317929759704
1084,2018-03-11,62.62522686025408
1085,2018-03-12,62.13291139240506
1086,2018-03-13,62.166666666666664
1087,2018-03-14,61.84493670886076
1088,2018-03-15,62.06871609403255
1089,2018-03-16,64.39835164835165
1090,2018-03-17,64.56581352833638
1091,2018-03-18,62.66188340807175
1092,2018-03-19,62.29296527159394
1093,2018-03-20,62.09433126660762
1094,2018-03-21,61.818950177935946
1095,2018-03-22,61.85958595859586
1096,2018-03-23,63.90633608815427
1097,2018-03-24,64.9109778597786
1098,2018-03-25,62.966908431550316
1099,2018-03-26,62.73457350272232
1100,2018-03-27,62.666965888689404
1101,2018-03-28,62.33467381590706
1102,2018-03-29,62.546387154326496
1103,2018-03-30,64.98652291105121
1104,2018-03-31,65.25424486148347
1105,2018-04-01,63.23830538393645
1106,2018-04-02,62.617364746945896
1107,2018-04-03,62.46140503035559
1108,2018-04-04,62.17331022530329
1109,2018-04-05,62.39748045178106
1110,2018-04-06,64.44929453262786
1111,2018-04-07,64.5136563876652
1112,2018-04-08,62.08297132927889
1113,2018-04-09,61.84417808219178
1114,2018-04-10,62.06532877882152
1115,2018-04-11,62.21999454446266
1116,2018-04-12,62.844998659157994
1117,2018-04-13,65.38802931596094
1118,2018-04-14,65.46503401360546
1119,2018-04-15,62.75762355415355
1120,2018-04-16,62.66344086021508
1121,2018-04-17,62.753826530612244
1122,2018-04-18,62.8875968992248
1123,2018-04-19,63.50574712643678
1124,2018-04-20,66.87283500455788
1125,2018-04-21,66.97413793103448
1126,2018-04-22,64.0748031496063
1127,2018-04-23,63.471561969439726
1128,2018-04-24,63.28122380553227
1129,2018-04-25,63.4695945945946
1130,2018-04-26,64.02231759656652
1131,2018-04-27,67.0075221238938
1132,2018-04-28,67.18999114260407
1133,2018-04-29,64.10042918454936
1134,2018-04-30,63.30988274706868
1135,2018-05-01,63.70780856423174
1136,2018-05-02,63.856427378964945
1137,2018-05-03,63.842060810810814
1138,2018-05-04,67.04553339115351
1139,2018-05-05,67.62337662337663
1140,2018-05-06,63.943016281062555
1141,2018-05-07,63.480704697986575
1142,2018-05-08,64.15254237288136
1143,2018-05-09,64.64088397790056
1144,2018-05-10,65.01709401709402
1145,2018-05-11,67.45490716180372
1146,2018-05-12,68.14227086183311
1147,2018-05-13,65.69936305732485
1148,2018-05-14,63.98285714285714
1149,2018-05-15,64.09682713347921
1150,2018-05-16,64.68166849615807
1151,2018-05-17,65.16666666666667
1152,2018-05-18,69.40985732814526
1153,2018-05-19,70.47702702702702
1154,2018-05-20,65.93675417661098
1155,2018-05-21,64.30260303687636
1156,2018-05-22,64.0084835630965
1157,2018-05-23,64.11935483870968
1158,2018-05-24,65.15202702702703
1159,2018-05-25,69.28036809815951
1160,2018-05-26,68.96527777777777
1161,2018-05-27,66.63598074608905
1162,2018-05-28,64.96570796460178
1163,2018-05-29,63.80373831775701
1164,2018-05-30,63.99273858921162
1165,2018-05-31,65.93453009503696
1166,2018-06-01,71.21803278688525
1167,2018-06-02,71.4423710208562
1168,2018-06-03,66.90598739495799
1169,2018-06-04,66.13932702418506
1170,2018-06-05,65.93566945606695
1171,2018-06-06,65.98218029350105
1172,2018-06-07,67.55308775731311
1173,2018-06-08,71.08155230596175
1174,2018-06-09,71.46371882086167
1175,2018-06-10,68.51295896328294
1176,2018-06-11,67.8328125
1177,2018-06-12,66.95867346938776
1178,2018-06-13,66.50205338809035
1179,2018-06-14,67.30894736842106
1180,2018-06-15,70.57015590200446
1181,2018-06-16,71.56384180790961
1182,2018-06-17,67.23304157549234
1183,2018-06-18,67.26898734177215
1184,2018-06-19,67.52061310782241
1185,2018-06-20,67.90695187165775
1186,2018-06-21,69.12989130434782
1187,2018-06-22,73.09050772626932
1188,2018-06-23,73.30054644808743
1189,2018-06-24,68.96391213389121
1190,2018-06-25,67.50563524590164
1191,2018-06-26,67.74719673802242
1192,2018-06-27,68.61011591148578
1193,2018-06-28,69.0479302832244
1194,2018-06-29,72.42596685082873
1195,2018-06-30,72.42011173184358
1196,2018-07-01,69.70402611534277
1197,2018-07-02,69.63298429319372
1198,2018-07-03,69.72492080253431
1199,2018-07-04,70.46972860125261
1200,2018-07-05,70.1863354037267
1201,2018-07-06,73.09669079627714
1202,2018-07-07,72.86148300720906
1203,2018-07-08,69.03036437246963
1204,2018-07-09,68.74725274725274
1205,2018-07-10,71.0524046434494
1206,2018-07-11,71.19809069212411
1207,2018-07-12,72.02030456852792
1208,2018-07-13,75.65653495440729
1209,2018-07-14,75.16146645865835
1210,2018-07-15,72.88054830287206
1211,2018-07-16,71.30689655172414
1212,2018-07-17,70.35449438202247
1213,2018-07-18,71.27439724454649
1214,2018-07-19,73.16666666666667
1215,2018-07-20,76.814
1216,2018-07-21,76.16485013623978
1217,2018-07-22,72.55962219598584
1218,2018-07-23,71.78938730853392
1219,2018-07-24,72.81083953241233
1220,2018-07-25,72.49229922992299
1221,2018-07-26,74.02290502793296
1222,2018-07-27,76.82681242807826
1223,2018-07-28,76.25287356321839
1224,2018-07-29,72.81147540983606
1225,2018-07-30,71.16168623265742
1226,2018-07-31,70.5382626680455
1227,2018-08-01,70.24453694068679
1228,2018-08-02,72.44133192389006
1229,2018-08-03,76.47287234042552
1230,2018-08-04,76.06023454157783
1231,2018-08-05,70.5819587628866
1232,2018-08-06,69.53214638971316
1233,2018-08-07,69.74604743083005
1234,2018-08-08,70.03243512974052
1235,2018-08-09,70.24519716885743
1236,2018-08-10,75.43489583333333
1237,2018-08-11,78.24327628361858
1238,2018-08-12,73.87974683544304
1239,2018-08-13,72.57894736842105
1240,2018-08-14,72.70708446866485
1241,2018-08-15,72.39673913043478
1242,2018-08-16,73.51349431818181
1243,2018-08-17,75.44150641025641
1244,2018-08-18,76.55687203791469
1245,2018-08-19,71.43678977272727
1246,2018-08-20,69.7436224489796
1247,2018-08-21,69.79462102689486
1248,2018-08-22,70.7909090909091
1249,2018-08-23,72.62484394506866
1250,2018-08-24,77.57863695937091
1251,2018-08-25,77.61695137976346
1252,2018-08-26,72.5
1253,2018-08-27,70.87191539365452
1254,2018-08-28,70.46835443037975
1255,2018-08-29,70.97599531615926
1256,2018-08-30,72.01867469879518
1257,2018-08-31,77.86607142857143
1258,2018-09-01,78.02577319587628
1259,2018-09-02,72.08424908424908
1260,2018-09-03,70.11722222222222
1261,2018-09-04,68.69623655913979
1262,2018-09-05,68.22100656455142
1263,2018-09-06,68.35524798154556
1264,2018-09-07,72.1849234393404
1265,2018-09-08,73.41898148148148
1266,2018-09-09,69.14102564102564
1267,2018-09-10,67.68321013727561
1268,2018-09-11,67.92680412371134
1269,2018-09-12,67.29231568016614
1270,2018-09-13,68.14649681528662
1271,2018-09-14,71.99059561128527
1272,2018-09-15,72.26628151260505
1273,2018-09-16,68.67592592592592
1274,2018-09-17,67.28917239123322
1275,2018-09-18,67.2376158517098
1276,2018-09-19,67.58195659216068
1277,2018-09-20,67.86937377690799
1278,2018-09-21,71.56913339824732
1279,2018-09-22,72.08871493803
1280,2018-09-23,67.91457528957531
1281,2018-09-24,66.8067173637516
1282,2018-09-25,66.80869971936389
1283,2018-09-26,66.95661027568923
1284,2018-09-27,67.39202551834131
1285,2018-09-28,70.44686692506461
1286,2018-09-29,70.7039705411463
1287,2018-09-30,67.0099479644934
1288,2018-10-01,65.47082557417751
1289,2018-10-02,65.45159313725487
1290,2018-10-03,65.50154607297466
1291,2018-10-04,65.95085271317829
1292,2018-10-05,69.0523454488972
1293,2018-10-06,69.37620829435608
1294,2018-10-07,67.24758574758573
1295,2018-10-08,66.59807754969044
1296,2018-10-09,66.25384101536402
1297,2018-10-10,66.1442115768463
1298,2018-10-11,66.42356145726929
1299,2018-10-12,70.02018093249829
1300,2018-10-13,69.75617283950619
1301,2018-10-14,66.20471917580592
1302,2018-10-15,64.79150516795863
1303,2018-10-16,64.9336848833493
1304,2018-10-17,65.00786769428387
1305,2018-10-18,65.5704809286899
1306,2018-10-19,68.86099796334013
1307,2018-10-20,68.99477058029692
1308,2018-10-21,65.69580078125001
1309,2018-10-22,64.97037389100124
1310,2018-10-23,64.78255332696594
1311,2018-10-24,64.89773090444233
1312,2018-10-25,65.30301572024383
1313,2018-10-26,68.5099380905833
1314,2018-10-27,68.8594357976654
1315,2018-10-28,65.5025493945188
1316,2018-10-29,64.70988805970151
1317,2018-10-30,64.7372274143302
1318,2018-10-31,64.48482003129891
1319,2018-11-01,64.71843434343435
1320,2018-11-02,67.29984276729557
1321,2018-11-03,67.4560163367892
1322,2018-11-04,64.91743827160491
1323,2018-11-05,64.6322480620155
1324,2018-11-06,64.68012999071493
1325,2018-11-07,63.713787474027875
1326,2018-11-08,64.10789938217123
1327,2018-11-09,66.95528273809526
1328,2018-11-10,67.15647482014391
1329,2018-11-11,65.02311725452809
1330,2018-11-12,63.93505799755797
1331,2018-11-13,62.73990384615384
1332,2018-11-14,62.855233494363915
1333,2018-11-15,62.92408293460924
1334,2018-11-16,66.74552845528457
1335,2018-11-17,67.04678928686675
1336,2018-11-18,64.03893776474419
1337,2018-11-19,63.89398422090732
1338,2018-11-20,64.13082077051928
1339,2018-11-21,65.19725738396623
1340,2018-11-22,66.4524066091954
1341,2018-11-23,68.115520282187
1342,2018-11-24,68.08539944903583
1343,2018-11-25,65.01593625498008
1344,2018-11-26,64.31370656370656
1345,2018-11-27,64.04607562758181
1346,2018-11-28,63.924569640062586
1347,2018-11-29,63.899470899470884
1348,2018-11-30,66.66666666666664
1349,2018-12-01,66.39687010954611
1350,2018-12-02,64.04519774011297
1351,2018-12-03,63.641760651629085
1352,2018-12-04,63.69020715630885
1353,2018-12-05,63.56856343283581
1354,2018-12-06,63.598330241187355
1355,2018-12-07,65.88684871311987
1356,2018-12-08,65.91573033707864
1357,2018-12-09,63.45291201982647
1358,2018-12-10,62.9818423383525
1359,2018-12-11,62.58680254408787
1360,2018-12-12,62.6577966607036
1361,2018-12-13,62.732330038933796
1362,2018-12-14,65.40852130325814
1363,2018-12-15,65.63298709474347
1364,2018-12-16,62.77232704402515
1365,2018-12-17,61.749607288721315
1366,2018-12-18,61.90815027061442
1367,2018-12-19,61.806384343920406
1368,2018-12-20,62.074055989583336
1369,2018-12-21,64.55889222555889
1370,2018-12-22,65.45910652920963
1371,2018-12-23,63.76383125864454
1372,2018-12-24,64.92399856938484
1373,2018-12-25,65.46445158985348
1374,2018-12-26,63.479965457685644
1375,2018-12-27,63.69713993871296
1376,2018-12-28,67.0709183673469
1377,2018-12-29,67.34174234779682
1378,2018-12-30,65.14276094276094
1379,2018-12-31,68.33383635144199
1380,2019-01-01,63.350125549278104
1381,2019-01-02,62.42142418661752
1382,2019-01-03,61.56582506762847
1383,2019-01-04,63.63918597742129
1384,2019-01-05,63.60944395410417
1385,2019-01-06,61.59999999999997
1386,2019-01-07,61.60608884746813
1387,2019-01-08,61.31237816764133
1388,2019-01-09,61.305691854759566
1389,2019-01-10,61.33317073170732
1390,2019-01-11,63.512230919765166
1391,2019-01-12,63.86867704280156
1392,2019-01-13,61.540423484119344
1393,2019-01-14,60.828955314009626
1394,2019-01-15,60.70241286863269
1395,2019-01-16,60.63252832438876
1396,2019-01-17,60.78136200716842
1397,2019-01-18,63.821308980213075
1398,2019-01-19,64.1414604338527
1399,2019-01-20,61.55210210210208
1400,2019-01-21,61.11274509803916
1401,2019-01-22,60.80686187518483
1402,2019-01-23,60.79547471162374
1403,2019-01-24,60.82698553291998
1404,2019-01-25,63.23820058997047
1405,2019-01-26,63.39642434988179
1406,2019-01-27,60.72832454598711
1407,2019-01-28,60.50454012888107
1408,2019-01-29,60.469803576663715
1409,2019-01-30,60.39956140350876
1410,2019-01-31,60.666812865497064
1411,2019-02-01,63.742545025095936
1412,2019-02-02,63.96070698217935
1413,2019-02-03,61.129144851657955
1414,2019-02-04,61.11228378774552
1415,2019-02-05,60.10018382352942
1416,2019-02-06,59.125833333333325
1417,2019-02-07,59.73356926188066
1418,2019-02-08,62.87035141589899
1419,2019-02-09,62.63161442534545
1420,2019-02-10,59.31760406736573
1421,2019-02-11,58.91916823014383
1422,2019-02-12,58.77520814061053
1423,2019-02-13,58.815210656753415
1424,2019-02-14,59.91149315504618
1425,2019-02-15,63.24967824967821
1426,2019-02-16,63.354822834645645
1427,2019-02-17,59.903976721629476
1428,2019-02-18,58.915561868686844
1429,2019-02-19,58.88781163434902
1430,2019-02-20,58.939732836284556
1431,2019-02-21,59.296003717472104
1432,2019-02-22,62.19990636704119
1433,2019-02-23,62.310099132589826
1434,2019-02-24,59.38093051729416
1435,2019-02-25,58.995450409463146
1436,2019-02-26,58.91113133151348
1437,2019-02-27,58.89649923896498
1438,2019-02-28,59.32676443629697
1439,2019-03-01,62.76216712580349
1440,2019-03-02,63.05693296602384
1441,2019-03-03,59.99159792239534
1442,2019-03-04,59.79000603864732
1443,2019-03-05,59.627248201438825
1444,2019-03-06,59.62713387241688
1445,2019-03-07,59.80343796711511
1446,2019-03-08,62.88339196716508
1447,2019-03-09,63.166078777189895
1448,2019-03-10,61.08638025594153
1449,2019-03-11,60.646396396396405
1450,2019-03-12,60.55480335267569
1451,2019-03-13,60.46788696210659
1452,2019-03-14,60.83139909735654
1453,2019-03-15,64.26265614727156
1454,2019-03-16,64.49573070607553
1455,2019-03-17,61.1548190842139
1456,2019-03-18,60.730904442313836
1457,2019-03-19,60.372126436781606
1458,2019-03-20,60.09355044699873
1459,2019-03-21,60.72275795564129
1460,2019-03-22,63.90627062706276
1461,2019-03-23,65.07263681592043
1462,2019-03-24,62.12189542483658
1463,2019-03-25,61.87263535551211
1464,2019-03-26,61.55476190476195
1465,2019-03-27,62.980299448384585
1466,2019-03-28,63.340412621359256
1467,2019-03-29,65.40473145780052
1468,2019-03-30,65.34853870458139
1469,2019-03-31,60.98039215686277
1470,2019-04-01,61.26522961574509
1471,2019-04-02,61.2209338280767
1472,2019-04-03,61.39900404606289
1473,2019-04-04,61.671209273182974
1474,2019-04-05,64.448253968254
1475,2019-04-06,64.76050552922588
1476,2019-04-07,62.00849552054372
1477,2019-04-08,61.58871463714639
1478,2019-04-09,61.46009821976675
1479,2019-04-10,61.448055802908904
1480,2019-04-11,61.82491212653778
1481,2019-04-12,64.61351590106008
1482,2019-04-13,65.24570683839313
1483,2019-04-14,61.69728867623608
1484,2019-04-15,61.005055292259094
1485,2019-04-16,61.12037914691943
1486,2019-04-17,61.303865652724994
1487,2019-04-18,61.71375763420125
1488,2019-04-19,65.06732348111657
1489,2019-04-20,65.43824110671937
1490,2019-04-21,61.79694041867956
1491,2019-04-22,61.03402646502837
1492,2019-04-23,61.15833333333333
1493,2019-04-24,61.40816326530615
1494,2019-04-25,61.72776741293536
1495,2019-04-26,65.2121356147022
1496,2019-04-27,65.13648041104689
1497,2019-04-28,61.72398753894081
1498,2019-04-29,61.31543209876545
1499,2019-04-30,60.97934011717546
1500,2019-05-01,62.11439749608763
1501,2019-05-02,62.80890804597701
1502,2019-05-03,65.16130081300813
1503,2019-05-04,65.86801541425818
1504,2019-05-05,62.10498442367602
1505,2019-05-06,62.59068384539147
1506,2019-05-07,62.7815979043877
1507,2019-05-08,63.30159574468085
1508,2019-05-09,63.51252723311547
1509,2019-05-10,66.81087202718007
1510,2019-05-11,66.66156462585035
1511,2019-05-12,63.8009977827051
1512,2019-05-13,67.2430843706777
1513,2019-05-14,67.22306653157716
1514,2019-05-15,66.76646300067888
1515,2019-05-16,67.462735042735
1516,2019-05-17,71.63066385669121
1517,2019-05-18,71.83118971061087
1518,2019-05-19,67.35138888888886
1519,2019-05-20,66.41658223573116
1520,2019-05-21,66.61116650049847
1521,2019-05-22,66.79705784018722
1522,2019-05-23,67.29746192893397
1523,2019-05-24,73.34708824580208
1524,2019-05-25,74.24909812409811
1525,2019-05-26,69.96036801132338
1526,2019-05-27,68.01885521885518
1527,2019-05-28,67.21339256334315
1528,2019-05-29,67.07532679738557
1529,2019-05-30,67.55072463768113
1530,2019-05-31,71.61867905056756
1531,2019-06-01,73.60479666319084
1532,2019-06-02,69.40060240963855
1533,2019-06-03,69.03983333333333
1534,2019-06-04,69.15331355093964
1535,2019-06-05,70.17524115755629
1536,2019-06-06,70.63657657657657
1537,2019-06-07,77.53455541508639
1538,2019-06-08,77.1444875107666
1539,2019-06-09,72.16982997232108
1540,2019-06-10,70.65420913552283
1541,2019-06-11,70.59445701357464
1542,2019-06-12,71.37934904601566
1543,2019-06-13,71.85858010630218
1544,2019-06-14,79.47242351046698
1545,2019-06-15,79.35746699669964
1546,2019-06-16,73.9205882352941
1547,2019-06-17,71.59309309309306
1548,2019-06-18,71.99101123595504
1549,2019-06-19,72.4097065462754
1550,2019-06-20,75.32379283489097
1551,2019-06-21,80.1652542372881
1552,2019-06-22,80.35302476654488
1553,2019-06-23,74.91831971995333
1554,2019-06-24,72.4234131508932
1555,2019-06-25,72.36249059443192
1556,2019-06-26,73.80424799081516
1557,2019-06-27,75.34083044982701
1558,2019-06-28,80.71256895193065
1559,2019-06-29,81.17185628742513
1560,2019-06-30,75.75159714393085
1561,2019-07-01,75.98483166851643
1562,2019-07-02,75.17566079295158
1563,2019-07-03,76.35695084485408
1564,2019-07-04,78.12108763693271
1565,2019-07-05,80.85167837626852
1566,2019-07-06,79.10510164940543
1567,2019-07-07,73.54825046040509
1568,2019-07-08,69.202804746494
1569,2019-07-09,69.80292397660816
1570,2019-07-10,69.07829670329672
1571,2019-07-11,70.35770556376168
1572,2019-07-12,75.80649970184852
1573,2019-07-13,74.65469613259667
1574,2019-07-14,70.95166402535659
1575,2019-07-15,68.6098278985507
1576,2019-07-16,68.54095860566453
1577,2019-07-17,68.95087945087947
1578,2019-07-18,70.3044240035042
1579,2019-07-19,75.47590361445782
1580,2019-07-20,75.19675925925925
1581,2019-07-21,70.6951605608322
1582,2019-07-22,68.99089726918079
1583,2019-07-23,67.89570164348926
1584,2019-07-24,67.82946236559143
1585,2019-07-25,68.3623000432339
1586,2019-07-26,74.19297082228118
1587,2019-07-27,73.66666666666664
1588,2019-07-28,69.0999576450657
1589,2019-07-29,67.82920792079206
1590,2019-07-30,67.84456699346407
1591,2019-07-31,67.32888888888887
1592,2019-08-01,68.45088368269627
1593,2019-08-02,73.14109121909634
1594,2019-08-03,73.44681309216189
1595,2019-08-04,69.38413098236778
1596,2019-08-05,68.66792294807371
1597,2019-08-06,69.07643957826441
1598,2019-08-07,68.8815842380378
1599,2019-08-08,69.95983213429257
1600,2019-08-09,73.46098856209152
1601,2019-08-10,74.45963855421688
1602,2019-08-11,70.51581356637536
1603,2019-08-12,69.7767253044655
1604,2019-08-13,69.32681940700809
1605,2019-08-14,69.39477211796246
1606,2019-08-15,68.97218358831711
1607,2019-08-16,73.3946251768034
1608,2019-08-17,74.17896935933148
1609,2019-08-18,70.0576923076923
1610,2019-08-19,69.65894465894466
1611,2019-08-20,69.39623865110246
1612,2019-08-21,69.419921875
1613,2019-08-22,69.81659973226239
1614,2019-08-23,73.92040816326531
1615,2019-08-24,73.27401894451963
1616,2019-08-25,69.8843137254902
1617,2019-08-26,69.43037974683544
1618,2019-08-27,69.11310259579729
1619,2019-08-28,69.18502475247524
1620,2019-08-29,67.86882129277566
1621,2019-08-30,72.3564935064935
1622,2019-08-31,74.0470737913486
1623,2019-09-01,69.29593094944514
1624,2019-09-02,68.4042303172738
1625,2019-09-03,67.63578088578089
1626,2019-09-04,67.14493597206054
1627,2019-09-05,66.91861979166667
1628,2019-09-06,70.2854961832061
1629,2019-09-07,70.17638036809817
1630,2019-09-08,67.4978229317852
1631,2019-09-09,67.90833333333333
1632,2019-09-10,68.1657458563536
1633,2019-09-11,67.5007072135785
1634,2019-09-12,68.57350800582242
1635,2019-09-13,71.33639143730886
1636,2019-09-14,72.1131221719457
1637,2019-09-15,68.03719599427754
1638,2019-09-16,67.07972027972028
1639,2019-09-17,67.99451303155007
1640,2019-09-18,67.22598105548037
1641,2019-09-19,67.58701657458563
1642,2019-09-20,70.22284908321579
1643,2019-09-21,70.98344827586207
1644,2019-09-22,67.43530997304582
1645,2019-09-23,67.75973154362416
1646,2019-09-24,67.48918918918919
1647,2019-09-25,67.6260053619303
1648,2019-09-26,67.37246963562752
1649,2019-09-27,71.10310734463278
1650,2019-09-28,71.38061797752809
1651,2019-09-29,67.66622162883846
1652,2019-09-30,66.63006535947713
1653,2019-10-01,65.0452196382429
1654,2019-10-02,64.55280312907432
1655,2019-10-03,64.94722955145119
1656,2019-10-04,67.92080536912752
1657,2019-10-05,67.99595687331536
1658,2019-10-06,65.49672346002622
1659,2019-10-07,65.28056628056628
1660,2019-10-08,64.89342806394316
